SolverIterations,BoxType,StackHeightMultiplier,Gravity,BoxDensity,FramesToSleep,FramesToCollapse,AmountThatSlept,SimulationTime
6,Cube,1,6,0.2,0,55.6,0,0.000385
7,Cube,1,6,0.2,0,58,0,0.000361
8,Cube,1,6,0.2,0,57.6,0,0.00037
9,Cube,1,6,0.2,0,80.6,0,0.0004
10,Cube,1,6,0.2,0,70,0,0.000365
11,Cube,1,6,0.2,0,71.8,0,0.000403
12,Cube,1,6,0.2,0,71.6,0,0.000337
13,Cube,1,6,0.2,0,82.1,0,0.000373
14,Cube,1,6,0.2,0,81.2,0,0.000386
6,FlatBox,1,6,0.2,0,96,0,0.000375
7,FlatBox,1,6,0.2,0,120.2,0,0.0004
8,FlatBox,1,6,0.2,0,104.4,0,0.000373
9,FlatBox,1,6,0.2,0,126.8,0,0.000411
10,FlatBox,1,6,0.2,0,115.4,0,0.00041
11,FlatBox,1,6,0.2,0,149.6,0,0.000379
12,FlatBox,1,6,0.2,0,136,0,0.000384
13,FlatBox,1,6,0.2,0,145.4,0,0.000433
14,FlatBox,1,6,0.2,0,135.8,0,0.000403
6,BigFlatBox,1,6,0.2,0,268.2,0,0.000392
7,BigFlatBox,1,6,0.2,0,352.4,0,0.000391
8,BigFlatBox,1,6,0.2,0,344,0,0.000382
9,BigFlatBox,1,6,0.2,0,341.8,0,0.000383
10,BigFlatBox,1,6,0.2,0,378.6,0,0.000397
11,BigFlatBox,1,6,0.2,0,370.5,0,0.000392
12,BigFlatBox,1,6,0.2,0,457.4,0,0.000402
13,BigFlatBox,1,6,0.2,0,379.2,0,0.000388
14,BigFlatBox,1,6,0.2,0,408,0,0.000408
6,Cube,1.01,6,0.2,0,48.4,0,0.000436
7,Cube,1.01,6,0.2,0,55.6,0,0.000429
8,Cube,1.01,6,0.2,0,62.4,0,0.000453
9,Cube,1.01,6,0.2,0,68.2,0,0.000412
10,Cube,1.01,6,0.2,0,66.2,0,0.000403
11,Cube,1.01,6,0.2,0,71.2,0,0.000406
12,Cube,1.01,6,0.2,0,89.4,0,0.000399
13,Cube,1.01,6,0.2,0,78,0,0.000386
14,Cube,1.01,6,0.2,0,82.4,0,0.000338
6,FlatBox,1.01,6,0.2,0,111.8,0,0.00042
7,FlatBox,1.01,6,0.2,0,95.8,0,0.000402
8,FlatBox,1.01,6,0.2,0,136.4,0,0.000399
9,FlatBox,1.01,6,0.2,0,122,0,0.000402
10,FlatBox,1.01,6,0.2,0,120,0,0.000406
11,FlatBox,1.01,6,0.2,0,134,0,0.0004
12,FlatBox,1.01,6,0.2,0,154.4,0,0.000418
13,FlatBox,1.01,6,0.2,0,167.2,0,0.000401
14,FlatBox,1.01,6,0.2,0,153.2,0,0.000417
6,BigFlatBox,1.01,6,0.2,0,298.6,0,0.000408
7,BigFlatBox,1.01,6,0.2,0,381.2,0,0.000402
8,BigFlatBox,1.01,6,0.2,0,417.5,0,0.000413
9,BigFlatBox,1.01,6,0.2,0,357.2,0,0.000397
10,BigFlatBox,1.01,6,0.2,0,481.3,0,0.00043
11,BigFlatBox,1.01,6,0.2,0,547.6,0,0.000412
12,BigFlatBox,1.01,6,0.2,0,461.6,0,0.000445
13,BigFlatBox,1.01,6,0.2,0,349.6,0,0.000467
14,BigFlatBox,1.01,6,0.2,0,556.7,0,0.000441
6,Cube,1.02,6,0.2,0,54.2,0,0.000503
7,Cube,1.02,6,0.2,0,47.4,0,0.000471
8,Cube,1.02,6,0.2,0,51,0,0.000492
9,Cube,1.02,6,0.2,0,54.8,0,0.000443
10,Cube,1.02,6,0.2,0,68.6,0,0.000449
11,Cube,1.02,6,0.2,0,77.1,0,0.000441
12,Cube,1.02,6,0.2,0,71.4,0,0.00047
13,Cube,1.02,6,0.2,0,80.2,0,0.000419
14,Cube,1.02,6,0.2,0,70.6,0,0.000477
6,FlatBox,1.02,6,0.2,0,102.2,0,0.000416
7,FlatBox,1.02,6,0.2,0,115,0,0.000482
8,FlatBox,1.02,6,0.2,0,121.1,0,0.000414
9,FlatBox,1.02,6,0.2,0,108.4,0,0.000425
10,FlatBox,1.02,6,0.2,0,145,0,0.000462
11,FlatBox,1.02,6,0.2,0,126.6,0,0.000384
12,FlatBox,1.02,6,0.2,0,153.4,0,0.00044
13,FlatBox,1.02,6,0.2,0,158.6,0,0.000327
14,FlatBox,1.02,6,0.2,0,195,0,0.000395
6,BigFlatBox,1.02,6,0.2,0,392,0,0.000408
7,BigFlatBox,1.02,6,0.2,0,355.1,0,0.000448
8,BigFlatBox,1.02,6,0.2,0,403.2,0,0.000438
9,BigFlatBox,1.02,6,0.2,0,439.6,0,0.000419
10,BigFlatBox,1.02,6,0.2,0,529.6,0,0.000415
11,BigFlatBox,1.02,6,0.2,0,542.6,0,0.000419
12,BigFlatBox,1.02,6,0.2,0,579,0,0.000406
13,BigFlatBox,1.02,6,0.2,0,335.4,0,0.000419
14,BigFlatBox,1.02,6,0.2,0,393,0,0.00043
6,Cube,1,7,0.2,0,43.1,0,0.000406
7,Cube,1,7,0.2,0,50.6,0,0.000397
8,Cube,1,7,0.2,0,54.6,0,0.000475
9,Cube,1,7,0.2,0,62.8,0,0.000412
10,Cube,1,7,0.2,0,69.4,0,0.000414
11,Cube,1,7,0.2,0,66.2,0,0.000402
12,Cube,1,7,0.2,0,67,0,0.000415
13,Cube,1,7,0.2,0,72.2,0,0.000396
14,Cube,1,7,0.2,0,80.9,0,0.000414
6,FlatBox,1,7,0.2,0,84,0,0.000406
7,FlatBox,1,7,0.2,0,95.7,0,0.000434
8,FlatBox,1,7,0.2,0,93,0,0.000408
9,FlatBox,1,7,0.2,0,95.7,0,0.000434
10,FlatBox,1,7,0.2,0,113.8,0,0.000422
11,FlatBox,1,7,0.2,0,117.3,0,0.000422
12,FlatBox,1,7,0.2,0,130.8,0,0.000407
13,FlatBox,1,7,0.2,0,134,0,0.000412
14,FlatBox,1,7,0.2,0,130.8,0,0.000413
6,BigFlatBox,1,7,0.2,0,276.7,0,0.000405
7,BigFlatBox,1,7,0.2,0,258.2,0,0.000496
8,BigFlatBox,1,7,0.2,0,294.3,0,0.000469
9,BigFlatBox,1,7,0.2,0,327,0,0.000475
10,BigFlatBox,1,7,0.2,0,353.4,0,0.000456
11,BigFlatBox,1,7,0.2,0,359.4,0,0.000437
12,BigFlatBox,1,7,0.2,0,398.1,0,0.00043
13,BigFlatBox,1,7,0.2,0,373.2,0,0.000476
14,BigFlatBox,1,7,0.2,0,441.1,0,0.000466
6,Cube,1.01,7,0.2,0,44.4,0,0.000412
7,Cube,1.01,7,0.2,0,49.4,0,0.00041
8,Cube,1.01,7,0.2,0,63.2,0,0.000408
9,Cube,1.01,7,0.2,0,59.2,0,0.000409
10,Cube,1.01,7,0.2,0,64.6,0,0.000413
11,Cube,1.01,7,0.2,0,65.7,0,0.000481
12,Cube,1.01,7,0.2,0,72,0,0.000411
13,Cube,1.01,7,0.2,0,74.1,0,0.000432
14,Cube,1.01,7,0.2,0,69.6,0,0.000467
6,FlatBox,1.01,7,0.2,0,80.3,0,0.000472
7,FlatBox,1.01,7,0.2,0,79.8,0,0.000421
8,FlatBox,1.01,7,0.2,0,99.5,0,0.00045
9,FlatBox,1.01,7,0.2,0,100.4,0,0.000454
10,FlatBox,1.01,7,0.2,0,98.9,0,0.000449
11,FlatBox,1.01,7,0.2,0,124.6,0,0.000456
12,FlatBox,1.01,7,0.2,0,133.2,0,0.00042
13,FlatBox,1.01,7,0.2,0,114.6,0,0.000417
14,FlatBox,1.01,7,0.2,0,132,0,0.000412
6,BigFlatBox,1.01,7,0.2,0,245.4,0,0.000416
7,BigFlatBox,1.01,7,0.2,0,289.2,0,0.000438
8,BigFlatBox,1.01,7,0.2,0,279.6,0,0.0004
9,BigFlatBox,1.01,7,0.2,0,310.7,0,0.000376
10,BigFlatBox,1.01,7,0.2,0,347.8,0,0.000305
11,BigFlatBox,1.01,7,0.2,0,277.3,0,0.000401
12,BigFlatBox,1.01,7,0.2,0,362.4,0,0.000441
13,BigFlatBox,1.01,7,0.2,0,392.1,0,0.000409
14,BigFlatBox,1.01,7,0.2,0,449.8,0,0.000441
6,Cube,1.02,7,0.2,0,43.3,0,0.000451
7,Cube,1.02,7,0.2,0,41.8,0,0.000432
8,Cube,1.02,7,0.2,0,47.2,0,0.000493
9,Cube,1.02,7,0.2,0,51,0,0.000418
10,Cube,1.02,7,0.2,0,56.5,0,0.000418
11,Cube,1.02,7,0.2,0,54.4,0,0.000416
12,Cube,1.02,7,0.2,0,58.6,0,0.00043
13,Cube,1.02,7,0.2,0,70.2,0,0.000504
14,Cube,1.02,7,0.2,0,70.1,0,0.000481
6,FlatBox,1.02,7,0.2,0,74.6,0,0.000416
7,FlatBox,1.02,7,0.2,0,93,0,0.000456
8,FlatBox,1.02,7,0.2,0,93.8,0,0.000411
9,FlatBox,1.02,7,0.2,0,103.3,0,0.000459
10,FlatBox,1.02,7,0.2,0,108.4,0,0.000447
11,FlatBox,1.02,7,0.2,0,117.1,0,0.000419
12,FlatBox,1.02,7,0.2,0,110,0,0.000418
13,FlatBox,1.02,7,0.2,0,144.5,0,0.000423
14,FlatBox,1.02,7,0.2,0,131.2,0,0.000424
6,BigFlatBox,1.02,7,0.2,0,279,0,0.000347
7,BigFlatBox,1.02,7,0.2,0,289.6,0,0.000357
8,BigFlatBox,1.02,7,0.2,0,302.1,0,0.000451
9,BigFlatBox,1.02,7,0.2,0,358,0,0.000439
10,BigFlatBox,1.02,7,0.2,0,410.6,0,0.000435
11,BigFlatBox,1.02,7,0.2,0,395.2,0,0.000418
12,BigFlatBox,1.02,7,0.2,0,453.1,0,0.000443
13,BigFlatBox,1.02,7,0.2,0,417.4,0,0.000428
14,BigFlatBox,1.02,7,0.2,0,317.1,0,0.000442
6,Cube,1,8,0.2,0,41.8,0,0.00046
7,Cube,1,8,0.2,0,44,0,0.00051
8,Cube,1,8,0.2,0,43.4,0,0.00043
9,Cube,1,8,0.2,0,54.7,0,0.000431
10,Cube,1,8,0.2,0,59.2,0,0.000427
11,Cube,1,8,0.2,0,58,0,0.000435
12,Cube,1,8,0.2,0,60,0,0.000431
13,Cube,1,8,0.2,0,61,0,0.000504
14,Cube,1,8,0.2,0,60,0,0.000432
6,FlatBox,1,8,0.2,0,61.3,0,0.000496
7,FlatBox,1,8,0.2,0,67.6,0,0.000434
8,FlatBox,1,8,0.2,0,69.8,0,0.000496
9,FlatBox,1,8,0.2,0,85,0,0.000438
10,FlatBox,1,8,0.2,0,95.2,0,0.000438
11,FlatBox,1,8,0.2,0,98.8,0,0.000439
12,FlatBox,1,8,0.2,0,122.9,0,0.000433
13,FlatBox,1,8,0.2,0,121.6,0,0.000443
14,FlatBox,1,8,0.2,0,122.4,0,0.000435
6,BigFlatBox,1,8,0.2,0,218,0,0.000445
7,BigFlatBox,1,8,0.2,0,255.8,0,0.000447
8,BigFlatBox,1,8,0.2,0,260,0,0.000456
9,BigFlatBox,1,8,0.2,0,281.4,0,0.000441
10,BigFlatBox,1,8,0.2,0,277.2,0,0.000442
11,BigFlatBox,1,8,0.2,0,321,0,0.000444
12,BigFlatBox,1,8,0.2,0,357,0,0.000433
13,BigFlatBox,1,8,0.2,0,346.5,0,0.000457
14,BigFlatBox,1,8,0.2,0,327.3,0,0.000506
6,Cube,1.01,8,0.2,0,41.5,0,0.00045
7,Cube,1.01,8,0.2,0,44,0,0.00055
8,Cube,1.01,8,0.2,0,46,0,0.000517
9,Cube,1.01,8,0.2,0,43.8,0,0.000583
10,Cube,1.01,8,0.2,0,49.4,0,0.000531
11,Cube,1.01,8,0.2,0,58,0,0.00048
12,Cube,1.01,8,0.2,0,70.9,0,0.000504
13,Cube,1.01,8,0.2,0,62.8,0,0.000514
14,Cube,1.01,8,0.2,0,66.6,0,0.000424
6,FlatBox,1.01,8,0.2,0,61.4,0,0.000369
7,FlatBox,1.01,8,0.2,0,73.4,0,0.000548
8,FlatBox,1.01,8,0.2,0,82.4,0,0.000461
9,FlatBox,1.01,8,0.2,0,83.8,0,0.000514
10,FlatBox,1.01,8,0.2,0,92.6,0,0.000475
11,FlatBox,1.01,8,0.2,0,100.8,0,0.000427
12,FlatBox,1.01,8,0.2,0,104.6,0,0.000477
13,FlatBox,1.01,8,0.2,0,130,0,0.000467
14,FlatBox,1.01,8,0.2,0,128,0,0.000475
6,BigFlatBox,1.01,8,0.2,0,249,0,0.00045
7,BigFlatBox,1.01,8,0.2,0,263,0,0.000436
8,BigFlatBox,1.01,8,0.2,0,254.1,0,0.000355
9,BigFlatBox,1.01,8,0.2,0,324.2,0,0.000399
10,BigFlatBox,1.01,8,0.2,0,215.5,0,0.000449
11,BigFlatBox,1.01,8,0.2,0,280,0,0.000435
12,BigFlatBox,1.01,8,0.2,0,331.3,0,0.000468
13,BigFlatBox,1.01,8,0.2,0,323.3,0,0.00038
14,BigFlatBox,1.01,8,0.2,0,424.8,0,0.000473
6,Cube,1.02,8,0.2,0,46,0,0.000439
7,Cube,1.02,8,0.2,0,45.7,0,0.000433
8,Cube,1.02,8,0.2,0,51.2,0,0.000443
9,Cube,1.02,8,0.2,0,44.9,0,0.000449
10,Cube,1.02,8,0.2,0,50,0,0.000448
11,Cube,1.02,8,0.2,0,51.3,0,0.000525
12,Cube,1.02,8,0.2,0,45,0,0.000458
13,Cube,1.02,8,0.2,0,53.5,0,0.000509
14,Cube,1.02,8,0.2,0,51.6,0,0.000441
6,FlatBox,1.02,8,0.2,0,69.3,0,0.000435
7,FlatBox,1.02,8,0.2,0,69.6,0,0.000498
8,FlatBox,1.02,8,0.2,0,79.3,0,0.000524
9,FlatBox,1.02,8,0.2,0,102.8,0,0.000475
10,FlatBox,1.02,8,0.2,0,109.1,0,0.000491
11,FlatBox,1.02,8,0.2,0,85.8,0,0.00045
12,FlatBox,1.02,8,0.2,0,103.8,0,0.000543
13,FlatBox,1.02,8,0.2,0,114,0,0.000439
14,FlatBox,1.02,8,0.2,0,106.9,0,0.000475
6,BigFlatBox,1.02,8,0.2,0,313.6,0,0.000424
7,BigFlatBox,1.02,8,0.2,0,277.2,0,0.000472
8,BigFlatBox,1.02,8,0.2,0,303,0,0.000459
9,BigFlatBox,1.02,8,0.2,0,264.7,0,0.000461
10,BigFlatBox,1.02,8,0.2,0,275.6,0,0.000475
11,BigFlatBox,1.02,8,0.2,0,419.6,0,0.00044
12,BigFlatBox,1.02,8,0.2,0,257.6,0,0.000432
13,BigFlatBox,1.02,8,0.2,0,332.6,0,0.00047
14,BigFlatBox,1.02,8,0.2,0,373.2,0,0.000452
6,Cube,1,9,0.2,0,38,0,0.000436
7,Cube,1,9,0.2,0,41.4,0,0.000444
8,Cube,1,9,0.2,0,40.6,0,0.000443
9,Cube,1,9,0.2,0,45.2,0,0.000452
10,Cube,1,9,0.2,0,44.6,0,0.000486
11,Cube,1,9,0.2,0,47,0,0.000535
12,Cube,1,9,0.2,0,47.6,0,0.000528
13,Cube,1,9,0.2,0,54.4,0,0.000458
14,Cube,1,9,0.2,0,56,0,0.000517
6,FlatBox,1,9,0.2,0,59.2,0,0.000459
7,FlatBox,1,9,0.2,0,59.4,0,0.00046
8,FlatBox,1,9,0.2,0,61,0,0.000465
9,FlatBox,1,9,0.2,0,70.4,0,0.000464
10,FlatBox,1,9,0.2,0,71.4,0,0.000502
11,FlatBox,1,9,0.2,0,81.8,0,0.000392
12,FlatBox,1,9,0.2,0,90.4,0,0.000495
13,FlatBox,1,9,0.2,0,108,0,0.000481
14,FlatBox,1,9,0.2,0,102.8,0,0.000487
6,BigFlatBox,1,9,0.2,0,208.2,0,0.000456
7,BigFlatBox,1,9,0.2,0,229.6,0,0.000488
8,BigFlatBox,1,9,0.2,0,213.2,0,0.000459
9,BigFlatBox,1,9,0.2,0,233.8,0,0.000466
10,BigFlatBox,1,9,0.2,0,240.2,0,0.000466
11,BigFlatBox,1,9,0.2,0,244.4,0,0.000479
12,BigFlatBox,1,9,0.2,0,244.4,0,0.000463
13,BigFlatBox,1,9,0.2,0,290,0,0.000436
14,BigFlatBox,1,9,0.2,0,291.2,0,0.000442
6,Cube,1.01,9,0.2,0,40.8,0,0.000445
7,Cube,1.01,9,0.2,0,41.8,0,0.000445
8,Cube,1.01,9,0.2,0,39.6,0,0.000447
9,Cube,1.01,9,0.2,0,40.6,0,0.000524
10,Cube,1.01,9,0.2,0,51,0,0.000506
11,Cube,1.01,9,0.2,0,44.6,0,0.000437
12,Cube,1.01,9,0.2,0,48.8,0,0.000486
13,Cube,1.01,9,0.2,0,49.6,0,0.000473
14,Cube,1.01,9,0.2,0,54.8,0,0.000456
6,FlatBox,1.01,9,0.2,0,48.4,0,0.000448
7,FlatBox,1.01,9,0.2,0,65.4,0,0.000512
8,FlatBox,1.01,9,0.2,0,70.8,0,0.000446
9,FlatBox,1.01,9,0.2,0,73.8,0,0.000452
10,FlatBox,1.01,9,0.2,0,75.6,0,0.00051
11,FlatBox,1.01,9,0.2,0,83.4,0,0.000459
12,FlatBox,1.01,9,0.2,0,93,0,0.000507
13,FlatBox,1.01,9,0.2,0,90.4,0,0.000492
14,FlatBox,1.01,9,0.2,0,109.2,0,0.000486
6,BigFlatBox,1.01,9,0.2,0,188.4,0,0.00049
7,BigFlatBox,1.01,9,0.2,0,217.4,0,0.00047
8,BigFlatBox,1.01,9,0.2,0,232,0,0.000461
9,BigFlatBox,1.01,9,0.2,0,266.2,0,0.000502
10,BigFlatBox,1.01,9,0.2,0,234.8,0,0.000481
11,BigFlatBox,1.01,9,0.2,0,316.3,0,0.000459
12,BigFlatBox,1.01,9,0.2,0,288.6,0,0.000441
13,BigFlatBox,1.01,9,0.2,0,299.8,0,0.000478
14,BigFlatBox,1.01,9,0.2,0,297.2,0,0.000468
6,Cube,1.02,9,0.2,0,34.1,0,0.000467
7,Cube,1.02,9,0.2,0,38.6,0,0.000455
8,Cube,1.02,9,0.2,0,40,0,0.000451
9,Cube,1.02,9,0.2,0,40.8,0,0.000443
10,Cube,1.02,9,0.2,0,43.1,0,0.0005
11,Cube,1.02,9,0.2,0,49.4,0,0.000481
12,Cube,1.02,9,0.2,0,47.2,0,0.000453
13,Cube,1.02,9,0.2,0,52,0,0.00045
14,Cube,1.02,9,0.2,0,52.4,0,0.000509
6,FlatBox,1.02,9,0.2,0,58.6,0,0.000453
7,FlatBox,1.02,9,0.2,0,56.1,0,0.000522
8,FlatBox,1.02,9,0.2,0,66.6,0,0.000462
9,FlatBox,1.02,9,0.2,0,65.3,0,0.000485
10,FlatBox,1.02,9,0.2,0,82.2,0,0.000498
11,FlatBox,1.02,9,0.2,0,79.3,0,0.000497
12,FlatBox,1.02,9,0.2,0,97.4,0,0.00048
13,FlatBox,1.02,9,0.2,0,93.7,0,0.000471
14,FlatBox,1.02,9,0.2,0,91.4,0,0.000506
6,BigFlatBox,1.02,9,0.2,0,243.6,0,0.000444
7,BigFlatBox,1.02,9,0.2,0,233.8,0,0.000457
8,BigFlatBox,1.02,9,0.2,0,245.7,0,0.000405
9,BigFlatBox,1.02,9,0.2,0,284.4,0,0.000478
10,BigFlatBox,1.02,9,0.2,0,237.1,0,0.000433
11,BigFlatBox,1.02,9,0.2,0,264.8,0,0.000501
12,BigFlatBox,1.02,9,0.2,0,215.9,0,0.000513
13,BigFlatBox,1.02,9,0.2,0,297.2,0,0.000519
14,BigFlatBox,1.02,9,0.2,0,265.8,0,0.000447
6,Cube,1,10,0.2,0,38.6,0,0.000336
7,Cube,1,10,0.2,0,39,0,0.000407
8,Cube,1,10,0.2,0,38.6,0,0.000529
9,Cube,1,10,0.2,0,39.8,0,0.000536
10,Cube,1,10,0.2,0,41.6,0,0.000465
11,Cube,1,10,0.2,0,37,0,0.00046
12,Cube,1,10,0.2,0,46.4,0,0.000459
13,Cube,1,10,0.2,0,43.8,0,0.000548
14,Cube,1,10,0.2,0,51.4,0,0.000476
6,FlatBox,1,10,0.2,0,54.6,0,0.000473
7,FlatBox,1,10,0.2,0,57.4,0,0.000462
8,FlatBox,1,10,0.2,0,55.2,0,0.000465
9,FlatBox,1,10,0.2,0,69.8,0,0.000482
10,FlatBox,1,10,0.2,0,60.8,0,0.000565
11,FlatBox,1,10,0.2,0,67,0,0.000578
12,FlatBox,1,10,0.2,0,75.8,0,0.000477
13,FlatBox,1,10,0.2,0,92,0,0.000475
14,FlatBox,1,10,0.2,0,79.8,0,0.000461
6,BigFlatBox,1,10,0.2,0,218.2,0,0.000454
7,BigFlatBox,1,10,0.2,0,186.6,0,0.000484
8,BigFlatBox,1,10,0.2,0,216.6,0,0.000509
9,BigFlatBox,1,10,0.2,0,191,0,0.000452
10,BigFlatBox,1,10,0.2,0,206,0,0.00045
11,BigFlatBox,1,10,0.2,0,216.2,0,0.00047
12,BigFlatBox,1,10,0.2,0,229.8,0,0.000478
13,BigFlatBox,1,10,0.2,0,219,0,0.000496
14,BigFlatBox,1,10,0.2,0,256.9,0,0.000462
6,Cube,1.01,10,0.2,0,34.4,0,0.000534
7,Cube,1.01,10,0.2,0,35,0,0.000531
8,Cube,1.01,10,0.2,0,40.8,0,0.000463
9,Cube,1.01,10,0.2,0,40,0,0.000461
10,Cube,1.01,10,0.2,0,38.4,0,0.000437
11,Cube,1.01,10,0.2,0,39,0,0.000548
12,Cube,1.01,10,0.2,0,38.6,0,0.000487
13,Cube,1.01,10,0.2,0,41.4,0,0.000462
14,Cube,1.01,10,0.2,0,45.4,0,0.000573
6,FlatBox,1.01,10,0.2,0,50.6,0,0.000493
7,FlatBox,1.01,10,0.2,0,72.6,0,0.000494
8,FlatBox,1.01,10,0.2,0,65.2,0,0.00046
9,FlatBox,1.01,10,0.2,0,66.4,0,0.000499
10,FlatBox,1.01,10,0.2,0,53.4,0,0.0005
11,FlatBox,1.01,10,0.2,0,79.6,0,0.000513
12,FlatBox,1.01,10,0.2,0,85,0,0.000466
13,FlatBox,1.01,10,0.2,0,70.8,0,0.000467
14,FlatBox,1.01,10,0.2,0,95.8,0,0.000534
6,BigFlatBox,1.01,10,0.2,0,180.5,0,0.000495
7,BigFlatBox,1.01,10,0.2,0,203.2,0,0.000492
8,BigFlatBox,1.01,10,0.2,0,244.7,0,0.000493
9,BigFlatBox,1.01,10,0.2,0,203,0,0.000479
10,BigFlatBox,1.01,10,0.2,0,236.3,0,0.000517
11,BigFlatBox,1.01,10,0.2,0,249.8,0,0.000487
12,BigFlatBox,1.01,10,0.2,0,253.8,0,0.000495
13,BigFlatBox,1.01,10,0.2,0,239.2,0,0.000492
14,BigFlatBox,1.01,10,0.2,0,393.3,0,0.000451
6,Cube,1.02,10,0.2,0,37,0,0.000377
7,Cube,1.02,10,0.2,0,40.8,0,0.000548
8,Cube,1.02,10,0.2,0,34.4,0,0.000549
9,Cube,1.02,10,0.2,0,36.8,0,0.000477
10,Cube,1.02,10,0.2,0,40,0,0.00055
11,Cube,1.02,10,0.2,0,39.4,0,0.000466
12,Cube,1.02,10,0.2,0,47,0,0.000537
13,Cube,1.02,10,0.2,0,48.6,0,0.000419
14,Cube,1.02,10,0.2,0,47,0,0.000345
6,FlatBox,1.02,10,0.2,0,45.6,0,0.000461
7,FlatBox,1.02,10,0.2,0,61,0,0.000469
8,FlatBox,1.02,10,0.2,0,60.1,0,0.000481
9,FlatBox,1.02,10,0.2,0,72.4,0,0.000541
10,FlatBox,1.02,10,0.2,0,76.2,0,0.00052
11,FlatBox,1.02,10,0.2,0,67.6,0,0.000544
12,FlatBox,1.02,10,0.2,0,86,0,0.000506
13,FlatBox,1.02,10,0.2,0,87.8,0,0.000454
14,FlatBox,1.02,10,0.2,0,75.3,0,0.000393
6,BigFlatBox,1.02,10,0.2,0,168.6,0,0.000508
7,BigFlatBox,1.02,10,0.2,0,226.8,0,0.000448
8,BigFlatBox,1.02,10,0.2,0,205.4,0,0.000462
9,BigFlatBox,1.02,10,0.2,0,217.5,0,0.000475
10,BigFlatBox,1.02,10,0.2,0,223.8,0,0.000476
11,BigFlatBox,1.02,10,0.2,0,254.8,0,0.000494
12,BigFlatBox,1.02,10,0.2,0,312.2,0,0.000537
13,BigFlatBox,1.02,10,0.2,0,303.3,0,0.000491
14,BigFlatBox,1.02,10,0.2,0,307,0,0.000494
6,Cube,1,6,0.4,0,54.4,0,0.00047
7,Cube,1,6,0.4,0,59,0,0.000503
8,Cube,1,6,0.4,0,59.4,0,0.000549
9,Cube,1,6,0.4,0,84.4,0,0.000511
10,Cube,1,6,0.4,0,69,0,0.000509
11,Cube,1,6,0.4,0,73.2,0,0.000467
12,Cube,1,6,0.4,0,71.4,0,0.000485
13,Cube,1,6,0.4,0,85.4,0,0.000576
14,Cube,1,6,0.4,0,80.8,0,0.000497
6,FlatBox,1,6,0.4,0,103,0,0.00049
7,FlatBox,1,6,0.4,0,116.8,0,0.000531
8,FlatBox,1,6,0.4,0,100.6,0,0.000476
9,FlatBox,1,6,0.4,0,128.2,0,0.000505
10,FlatBox,1,6,0.4,0,118.6,0,0.000464
11,FlatBox,1,6,0.4,0,142.4,0,0.000501
12,FlatBox,1,6,0.4,0,138,0,0.000479
13,FlatBox,1,6,0.4,0,142.6,0,0.00048
14,FlatBox,1,6,0.4,0,140.2,0,0.000518
6,BigFlatBox,1,6,0.4,0,267.3,0,0.000488
7,BigFlatBox,1,6,0.4,0,366.6,0,0.000415
8,BigFlatBox,1,6,0.4,0,333,0,0.000445
9,BigFlatBox,1,6,0.4,0,346.2,0,0.000348
10,BigFlatBox,1,6,0.4,0,383.9,0,0.000334
11,BigFlatBox,1,6,0.4,0,389.1,0,0.000317
12,BigFlatBox,1,6,0.4,0,451.6,0,0.000347
13,BigFlatBox,1,6,0.4,0,389.8,0,0.000353
14,BigFlatBox,1,6,0.4,0,405,0,0.00034
6,Cube,1.01,6,0.4,0,48.6,0,0.000403
7,Cube,1.01,6,0.4,0,54.4,0,0.000396
8,Cube,1.01,6,0.4,0,64.6,0,0.000386
9,Cube,1.01,6,0.4,0,66.8,0,0.000404
10,Cube,1.01,6,0.4,0,65.8,0,0.000382
11,Cube,1.01,6,0.4,0,71.8,0,0.000428
12,Cube,1.01,6,0.4,0,92.6,0,0.000371
13,Cube,1.01,6,0.4,0,79,0,0.00036
14,Cube,1.01,6,0.4,0,80.6,0,0.000418
6,FlatBox,1.01,6,0.4,0,109.2,0,0.000383
7,FlatBox,1.01,6,0.4,0,96.2,0,0.000346
8,FlatBox,1.01,6,0.4,0,136.6,0,0.000375
9,FlatBox,1.01,6,0.4,0,130,0,0.000395
10,FlatBox,1.01,6,0.4,0,119,0,0.000376
11,FlatBox,1.01,6,0.4,0,137,0,0.000372
12,FlatBox,1.01,6,0.4,0,146.6,0,0.000398
13,FlatBox,1.01,6,0.4,0,176.8,0,0.000349
14,FlatBox,1.01,6,0.4,0,151.8,0,0.000413
6,BigFlatBox,1.01,6,0.4,0,301.4,0,0.00034
7,BigFlatBox,1.01,6,0.4,0,396.8,0,0.000333
8,BigFlatBox,1.01,6,0.4,0,408,0,0.00035
9,BigFlatBox,1.01,6,0.4,0,370.8,0,0.000354
10,BigFlatBox,1.01,6,0.4,0,478.2,0,0.00034
11,BigFlatBox,1.01,6,0.4,0,556.4,0,0.000339
12,BigFlatBox,1.01,6,0.4,0,466.4,0,0.00034
13,BigFlatBox,1.01,6,0.4,0,380.5,0,0.000345
14,BigFlatBox,1.01,6,0.4,0,570.8,0,0.000342
6,Cube,1.02,6,0.4,0,56.8,0,0.000433
7,Cube,1.02,6,0.4,0,47.6,0,0.000407
8,Cube,1.02,6,0.4,0,50,0,0.000408
9,Cube,1.02,6,0.4,0,57.2,0,0.000342
10,Cube,1.02,6,0.4,0,70.9,0,0.000468
11,Cube,1.02,6,0.4,0,76.4,0,0.000379
12,Cube,1.02,6,0.4,0,73.6,0,0.000395
13,Cube,1.02,6,0.4,0,76.8,0,0.000393
14,Cube,1.02,6,0.4,0,69.4,0,0.000392
6,FlatBox,1.02,6,0.4,0,104.8,0,0.000371
7,FlatBox,1.02,6,0.4,0,115,0,0.000373
8,FlatBox,1.02,6,0.4,0,127.4,0,0.000381
9,FlatBox,1.02,6,0.4,0,107.6,0,0.000362
10,FlatBox,1.02,6,0.4,0,152,0,0.000319
11,FlatBox,1.02,6,0.4,0,125.9,0,0.000376
12,FlatBox,1.02,6,0.4,0,141.6,0,0.000369
13,FlatBox,1.02,6,0.4,0,173.4,0,0.000379
14,FlatBox,1.02,6,0.4,0,194.8,0,0.000359
6,BigFlatBox,1.02,6,0.4,0,359.5,0,0.000335
7,BigFlatBox,1.02,6,0.4,0,345.4,0,0.000343
8,BigFlatBox,1.02,6,0.4,0,387.3,0,0.000335
9,BigFlatBox,1.02,6,0.4,0,408.4,0,0.000339
10,BigFlatBox,1.02,6,0.4,0,492.9,0,0.000318
11,BigFlatBox,1.02,6,0.4,0,517.4,0,0.000273
12,BigFlatBox,1.02,6,0.4,0,567,0,0.000351
13,BigFlatBox,1.02,6,0.4,0,309.6,0,0.000331
14,BigFlatBox,1.02,6,0.4,0,453.6,0,0.000365
6,Cube,1,7,0.4,0,43.4,0,0.000395
7,Cube,1,7,0.4,0,44.6,0,0.000401
8,Cube,1,7,0.4,0,54.4,0,0.000394
9,Cube,1,7,0.4,0,56.2,0,0.000432
10,Cube,1,7,0.4,0,59.8,0,0.000415
11,Cube,1,7,0.4,0,58,0,0.000401
12,Cube,1,7,0.4,0,58.4,0,0.000396
13,Cube,1,7,0.4,0,67.6,0,0.000393
14,Cube,1,7,0.4,0,70.4,0,0.000401
6,FlatBox,1,7,0.4,0,88.3,0,0.000372
7,FlatBox,1,7,0.4,0,92.8,0,0.000354
8,FlatBox,1,7,0.4,0,83.8,0,0.000406
9,FlatBox,1,7,0.4,0,98.2,0,0.000375
10,FlatBox,1,7,0.4,0,109,0,0.000394
11,FlatBox,1,7,0.4,0,109,0,0.00037
12,FlatBox,1,7,0.4,0,120,0,0.000371
13,FlatBox,1,7,0.4,0,124,0,0.000373
14,FlatBox,1,7,0.4,0,121.2,0,0.000375
6,BigFlatBox,1,7,0.4,0,257.4,0,0.000347
7,BigFlatBox,1,7,0.4,0,243.4,0,0.000348
8,BigFlatBox,1,7,0.4,0,286.8,0,0.000364
9,BigFlatBox,1,7,0.4,0,330.2,0,0.000345
10,BigFlatBox,1,7,0.4,0,354.4,0,0.000355
11,BigFlatBox,1,7,0.4,0,323.4,0,0.000349
12,BigFlatBox,1,7,0.4,0,369,0,0.000356
13,BigFlatBox,1,7,0.4,0,373,0,0.000346
14,BigFlatBox,1,7,0.4,0,392,0,0.000345
6,Cube,1.01,7,0.4,0,42.2,0,0.00041
7,Cube,1.01,7,0.4,0,48.2,0,0.000411
8,Cube,1.01,7,0.4,0,60,0,0.000386
9,Cube,1.01,7,0.4,0,62.4,0,0.000397
10,Cube,1.01,7,0.4,0,56.8,0,0.000391
11,Cube,1.01,7,0.4,0,62.8,0,0.000398
12,Cube,1.01,7,0.4,0,64.8,0,0.000388
13,Cube,1.01,7,0.4,0,62.6,0,0.000386
14,Cube,1.01,7,0.4,0,61,0,0.000399
6,FlatBox,1.01,7,0.4,0,76.8,0,0.000406
7,FlatBox,1.01,7,0.4,0,79.6,0,0.00041
8,FlatBox,1.01,7,0.4,0,84.4,0,0.000365
9,FlatBox,1.01,7,0.4,0,99.8,0,0.000375
10,FlatBox,1.01,7,0.4,0,94.4,0,0.000369
11,FlatBox,1.01,7,0.4,0,110.7,0,0.000373
12,FlatBox,1.01,7,0.4,0,116.6,0,0.000383
13,FlatBox,1.01,7,0.4,0,112.8,0,0.000378
14,FlatBox,1.01,7,0.4,0,122,0,0.000399
6,BigFlatBox,1.01,7,0.4,0,254.6,0,0.00034
7,BigFlatBox,1.01,7,0.4,0,300.8,0,0.000358
8,BigFlatBox,1.01,7,0.4,0,281.9,0,0.000342
9,BigFlatBox,1.01,7,0.4,0,310.8,0,0.000347
10,BigFlatBox,1.01,7,0.4,0,356.2,0,0.000343
11,BigFlatBox,1.01,7,0.4,0,264.2,0,0.00035
12,BigFlatBox,1.01,7,0.4,0,319.6,0,0.000349
13,BigFlatBox,1.01,7,0.4,0,403.4,0,0.000353
14,BigFlatBox,1.01,7,0.4,0,408.7,0,0.000345
6,Cube,1.02,7,0.4,0,42.2,0,0.000387
7,Cube,1.02,7,0.4,0,42.2,0,0.000454
8,Cube,1.02,7,0.4,0,45.8,0,0.000529
9,Cube,1.02,7,0.4,0,52,0,0.000388
10,Cube,1.02,7,0.4,0,54,0,0.000463
11,Cube,1.02,7,0.4,0,54.6,0,0.000405
12,Cube,1.02,7,0.4,0,56.4,0,0.000413
13,Cube,1.02,7,0.4,0,75.3,0,0.00041
14,Cube,1.02,7,0.4,0,66.4,0,0.000408
6,FlatBox,1.02,7,0.4,0,75.9,0,0.000393
7,FlatBox,1.02,7,0.4,0,93,0,0.000373
8,FlatBox,1.02,7,0.4,0,99.2,0,0.000338
9,FlatBox,1.02,7,0.4,0,108.2,0,0.000294
10,FlatBox,1.02,7,0.4,0,115.1,0,0.000313
11,FlatBox,1.02,7,0.4,0,115.4,0,0.000333
12,FlatBox,1.02,7,0.4,0,119.5,0,0.00038
13,FlatBox,1.02,7,0.4,0,140,0,0.000377
14,FlatBox,1.02,7,0.4,0,140.3,0,0.000375
6,BigFlatBox,1.02,7,0.4,0,266,0,0.000357
7,BigFlatBox,1.02,7,0.4,0,287.9,0,0.000343
8,BigFlatBox,1.02,7,0.4,0,310.4,0,0.000347
9,BigFlatBox,1.02,7,0.4,0,346,0,0.000373
10,BigFlatBox,1.02,7,0.4,0,406.4,0,0.000354
11,BigFlatBox,1.02,7,0.4,0,429.3,0,0.000357
12,BigFlatBox,1.02,7,0.4,0,456.4,0,0.000352
13,BigFlatBox,1.02,7,0.4,0,392.1,0,0.00036
14,BigFlatBox,1.02,7,0.4,0,296.9,0,0.000392
6,Cube,1,8,0.4,0,40,0,0.00042
7,Cube,1,8,0.4,0,40.8,0,0.000417
8,Cube,1,8,0.4,0,41.8,0,0.000421
9,Cube,1,8,0.4,0,48,0,0.000406
10,Cube,1,8,0.4,0,52.4,0,0.000401
11,Cube,1,8,0.4,0,55.6,0,0.000394
12,Cube,1,8,0.4,0,56.6,0,0.000405
13,Cube,1,8,0.4,0,55,0,0.000474
14,Cube,1,8,0.4,0,57,0,0.000424
6,FlatBox,1,8,0.4,0,58.6,0,0.000396
7,FlatBox,1,8,0.4,0,70.8,0,0.000406
8,FlatBox,1,8,0.4,0,61.4,0,0.000406
9,FlatBox,1,8,0.4,0,79.6,0,0.000386
10,FlatBox,1,8,0.4,0,89.6,0,0.000384
11,FlatBox,1,8,0.4,0,100.2,0,0.000381
12,FlatBox,1,8,0.4,0,113.6,0,0.000395
13,FlatBox,1,8,0.4,0,124.4,0,0.000402
14,FlatBox,1,8,0.4,0,113.8,0,0.00038
6,BigFlatBox,1,8,0.4,0,193.4,0,0.000367
7,BigFlatBox,1,8,0.4,0,222.2,0,0.000381
8,BigFlatBox,1,8,0.4,0,238.2,0,0.000356
9,BigFlatBox,1,8,0.4,0,257.4,0,0.000355
10,BigFlatBox,1,8,0.4,0,275.8,0,0.000353
11,BigFlatBox,1,8,0.4,0,296.2,0,0.000349
12,BigFlatBox,1,8,0.4,0,346.8,0,0.000353
13,BigFlatBox,1,8,0.4,0,350.4,0,0.000372
14,BigFlatBox,1,8,0.4,0,308.9,0,0.000359
6,Cube,1.01,8,0.4,0,42.8,0,0.000408
7,Cube,1.01,8,0.4,0,41.4,0,0.00042
8,Cube,1.01,8,0.4,0,45.4,0,0.000407
9,Cube,1.01,8,0.4,0,41.6,0,0.000417
10,Cube,1.01,8,0.4,0,45.8,0,0.000412
11,Cube,1.01,8,0.4,0,54.6,0,0.000403
12,Cube,1.01,8,0.4,0,59.2,0,0.000405
13,Cube,1.01,8,0.4,0,61.8,0,0.000449
14,Cube,1.01,8,0.4,0,57.4,0,0.000401
6,FlatBox,1.01,8,0.4,0,63.2,0,0.000389
7,FlatBox,1.01,8,0.4,0,78.2,0,0.000433
8,FlatBox,1.01,8,0.4,0,78,0,0.000374
9,FlatBox,1.01,8,0.4,0,79.2,0,0.000417
10,FlatBox,1.01,8,0.4,0,80,0,0.000429
11,FlatBox,1.01,8,0.4,0,96.6,0,0.00039
12,FlatBox,1.01,8,0.4,0,98.2,0,0.00037
13,FlatBox,1.01,8,0.4,0,110.2,0,0.000383
14,FlatBox,1.01,8,0.4,0,104.6,0,0.00038
6,BigFlatBox,1.01,8,0.4,0,246,0,0.00035
7,BigFlatBox,1.01,8,0.4,0,261.5,0,0.000354
8,BigFlatBox,1.01,8,0.4,0,266.4,0,0.00035
9,BigFlatBox,1.01,8,0.4,0,313.3,0,0.000363
10,BigFlatBox,1.01,8,0.4,0,212,0,0.000362
11,BigFlatBox,1.01,8,0.4,0,255.5,0,0.000352
12,BigFlatBox,1.01,8,0.4,0,347.2,0,0.000359
13,BigFlatBox,1.01,8,0.4,0,305.9,0,0.000374
14,BigFlatBox,1.01,8,0.4,0,424.2,0,0.000354
6,Cube,1.02,8,0.4,0,45.9,0,0.000489
7,Cube,1.02,8,0.4,0,45,0,0.000428
8,Cube,1.02,8,0.4,0,47.6,0,0.000412
9,Cube,1.02,8,0.4,0,44.6,0,0.000415
10,Cube,1.02,8,0.4,0,46.8,0,0.000411
11,Cube,1.02,8,0.4,0,45.4,0,0.000415
12,Cube,1.02,8,0.4,0,44.4,0,0.000418
13,Cube,1.02,8,0.4,0,46.2,0,0.000449
14,Cube,1.02,8,0.4,0,50.8,0,0.00047
6,FlatBox,1.02,8,0.4,0,68.6,0,0.000419
7,FlatBox,1.02,8,0.4,0,70.6,0,0.000459
8,FlatBox,1.02,8,0.4,0,81.6,0,0.000408
9,FlatBox,1.02,8,0.4,0,117.2,0,0.000378
10,FlatBox,1.02,8,0.4,0,98.6,0,0.000368
11,FlatBox,1.02,8,0.4,0,83.4,0,0.00039
12,FlatBox,1.02,8,0.4,0,100.8,0,0.000384
13,FlatBox,1.02,8,0.4,0,91.6,0,0.00039
14,FlatBox,1.02,8,0.4,0,101.4,0,0.000379
6,BigFlatBox,1.02,8,0.4,0,310.9,0,0.000356
7,BigFlatBox,1.02,8,0.4,0,279.8,0,0.000366
8,BigFlatBox,1.02,8,0.4,0,313,0,0.00035
9,BigFlatBox,1.02,8,0.4,0,272.8,0,0.000358
10,BigFlatBox,1.02,8,0.4,0,284.9,0,0.000369
11,BigFlatBox,1.02,8,0.4,0,392.4,0,0.000364
12,BigFlatBox,1.02,8,0.4,0,280.9,0,0.000378
13,BigFlatBox,1.02,8,0.4,0,346.4,0,0.00036
14,BigFlatBox,1.02,8,0.4,0,357.3,0,0.000374
6,Cube,1,9,0.4,0,38.2,0,0.000477
7,Cube,1,9,0.4,0,40.7,0,0.000505
8,Cube,1,9,0.4,0,40.6,0,0.000434
9,Cube,1,9,0.4,0,48,0,0.000341
10,Cube,1,9,0.4,0,50.6,0,0.000414
11,Cube,1,9,0.4,0,51.2,0,0.000453
12,Cube,1,9,0.4,0,55.2,0,0.00043
13,Cube,1,9,0.4,0,57.7,0,0.000399
14,Cube,1,9,0.4,0,61.2,0,0.000436
6,FlatBox,1,9,0.4,0,57.6,0,0.000433
7,FlatBox,1,9,0.4,0,60.6,0,0.000502
8,FlatBox,1,9,0.4,0,62.5,0,0.00046
9,FlatBox,1,9,0.4,0,73.8,0,0.000421
10,FlatBox,1,9,0.4,0,75.6,0,0.000415
11,FlatBox,1,9,0.4,0,94,0,0.000432
12,FlatBox,1,9,0.4,0,89.1,0,0.000393
13,FlatBox,1,9,0.4,0,100.6,0,0.000385
14,FlatBox,1,9,0.4,0,98.2,0,0.000384
6,BigFlatBox,1,9,0.4,0,214.4,0,0.00036
7,BigFlatBox,1,9,0.4,0,237.9,0,0.00035
8,BigFlatBox,1,9,0.4,0,229.4,0,0.000327
9,BigFlatBox,1,9,0.4,0,242.5,0,0.000357
10,BigFlatBox,1,9,0.4,0,259,0,0.0004
11,BigFlatBox,1,9,0.4,0,265.9,0,0.000377
12,BigFlatBox,1,9,0.4,0,256.2,0,0.0004
13,BigFlatBox,1,9,0.4,0,322.7,0,0.000391
14,BigFlatBox,1,9,0.4,0,319.4,0,0.000336
6,Cube,1.01,9,0.4,0,41.3,0,0.000493
7,Cube,1.01,9,0.4,0,42.6,0,0.000532
8,Cube,1.01,9,0.4,0,38.7,0,0.000468
9,Cube,1.01,9,0.4,0,42.4,0,0.000406
10,Cube,1.01,9,0.4,0,48.8,0,0.000439
11,Cube,1.01,9,0.4,0,51,0,0.000478
12,Cube,1.01,9,0.4,0,51.7,0,0.000418
13,Cube,1.01,9,0.4,0,55.8,0,0.000423
14,Cube,1.01,9,0.4,0,59.2,0,0.000431
6,FlatBox,1.01,9,0.4,0,51.4,0,0.000414
7,FlatBox,1.01,9,0.4,0,64.7,0,0.000456
8,FlatBox,1.01,9,0.4,0,68.8,0,0.000454
9,FlatBox,1.01,9,0.4,0,73.7,0,0.000415
10,FlatBox,1.01,9,0.4,0,81,0,0.000388
11,FlatBox,1.01,9,0.4,0,84.2,0,0.000363
12,FlatBox,1.01,9,0.4,0,104.2,0,0.000392
13,FlatBox,1.01,9,0.4,0,98.4,0,0.000433
14,FlatBox,1.01,9,0.4,0,109.4,0,0.000421
6,BigFlatBox,1.01,9,0.4,0,185.6,0,0.000381
7,BigFlatBox,1.01,9,0.4,0,215.6,0,0.000377
8,BigFlatBox,1.01,9,0.4,0,229,0,0.000371
9,BigFlatBox,1.01,9,0.4,0,251.8,0,0.000369
10,BigFlatBox,1.01,9,0.4,0,228.2,0,0.000388
11,BigFlatBox,1.01,9,0.4,0,321.2,0,0.000383
12,BigFlatBox,1.01,9,0.4,0,287.9,0,0.000383
13,BigFlatBox,1.01,9,0.4,0,300.9,0,0.000365
14,BigFlatBox,1.01,9,0.4,0,293.3,0,0.000348
6,Cube,1.02,9,0.4,0,33.2,0,0.000508
7,Cube,1.02,9,0.4,0,38.9,0,0.000415
8,Cube,1.02,9,0.4,0,40,0,0.000419
9,Cube,1.02,9,0.4,0,41.7,0,0.000422
10,Cube,1.02,9,0.4,0,43.4,0,0.000425
11,Cube,1.02,9,0.4,0,48.1,0,0.000429
12,Cube,1.02,9,0.4,0,45.8,0,0.000469
13,Cube,1.02,9,0.4,0,52,0,0.000471
14,Cube,1.02,9,0.4,0,53.6,0,0.000448
6,FlatBox,1.02,9,0.4,0,55.4,0,0.000409
7,FlatBox,1.02,9,0.4,0,54.4,0,0.000453
8,FlatBox,1.02,9,0.4,0,67.4,0,0.000406
9,FlatBox,1.02,9,0.4,0,62.2,0,0.000411
10,FlatBox,1.02,9,0.4,0,80.8,0,0.000396
11,FlatBox,1.02,9,0.4,0,79.2,0,0.000397
12,FlatBox,1.02,9,0.4,0,98.6,0,0.000377
13,FlatBox,1.02,9,0.4,0,91.8,0,0.000417
14,FlatBox,1.02,9,0.4,0,90.1,0,0.000395
6,BigFlatBox,1.02,9,0.4,0,239.4,0,0.000369
7,BigFlatBox,1.02,9,0.4,0,239.7,0,0.000397
8,BigFlatBox,1.02,9,0.4,0,242.8,0,0.000387
9,BigFlatBox,1.02,9,0.4,0,278.6,0,0.000361
10,BigFlatBox,1.02,9,0.4,0,240.4,0,0.000404
11,BigFlatBox,1.02,9,0.4,0,264.7,0,0.000378
12,BigFlatBox,1.02,9,0.4,0,227.6,0,0.000369
13,BigFlatBox,1.02,9,0.4,0,298.8,0,0.000371
14,BigFlatBox,1.02,9,0.4,0,244.2,0,0.000365
6,Cube,1,10,0.4,0,36.3,0,0.000432
7,Cube,1,10,0.4,0,38.4,0,0.000424
8,Cube,1,10,0.4,0,41.2,0,0.000534
9,Cube,1,10,0.4,0,40.4,0,0.000412
10,Cube,1,10,0.4,0,45.7,0,0.00037
11,Cube,1,10,0.4,0,39.6,0,0.000445
12,Cube,1,10,0.4,0,46.9,0,0.000428
13,Cube,1,10,0.4,0,46.6,0,0.000486
14,Cube,1,10,0.4,0,52.9,0,0.0005
6,FlatBox,1,10,0.4,0,53,0,0.000464
7,FlatBox,1,10,0.4,0,54.7,0,0.000417
8,FlatBox,1,10,0.4,0,53,0,0.000434
9,FlatBox,1,10,0.4,0,68.3,0,0.000477
10,FlatBox,1,10,0.4,0,59.6,0,0.000414
11,FlatBox,1,10,0.4,0,72.7,0,0.000413
12,FlatBox,1,10,0.4,0,81.2,0,0.0004
13,FlatBox,1,10,0.4,0,103.6,0,0.000427
14,FlatBox,1,10,0.4,0,81.4,0,0.000396
6,BigFlatBox,1,10,0.4,0,216.4,0,0.000346
7,BigFlatBox,1,10,0.4,0,180,0,0.000404
8,BigFlatBox,1,10,0.4,0,230.8,0,0.000368
9,BigFlatBox,1,10,0.4,0,216,0,0.000343
10,BigFlatBox,1,10,0.4,0,228.2,0,0.000366
11,BigFlatBox,1,10,0.4,0,242.4,0,0.00037
12,BigFlatBox,1,10,0.4,0,240.1,0,0.000384
13,BigFlatBox,1,10,0.4,0,233.2,0,0.000391
14,BigFlatBox,1,10,0.4,0,273.8,0,0.000382
6,Cube,1.01,10,0.4,0,33.4,0,0.000429
7,Cube,1.01,10,0.4,0,36.5,0,0.000403
8,Cube,1.01,10,0.4,0,40.2,0,0.000409
9,Cube,1.01,10,0.4,0,41,0,0.000433
10,Cube,1.01,10,0.4,0,37.6,0,0.000409
11,Cube,1.01,10,0.4,0,38,0,0.00036
12,Cube,1.01,10,0.4,0,39.4,0,0.000402
13,Cube,1.01,10,0.4,0,40.6,0,0.000456
14,Cube,1.01,10,0.4,0,47.6,0,0.000427
6,FlatBox,1.01,10,0.4,0,50.4,0,0.00042
7,FlatBox,1.01,10,0.4,0,69.4,0,0.000402
8,FlatBox,1.01,10,0.4,0,64.8,0,0.000419
9,FlatBox,1.01,10,0.4,0,62.6,0,0.000412
10,FlatBox,1.01,10,0.4,0,56.6,0,0.000427
11,FlatBox,1.01,10,0.4,0,86.4,0,0.000339
12,FlatBox,1.01,10,0.4,0,85,0,0.00033
13,FlatBox,1.01,10,0.4,0,72.2,0,0.000317
14,FlatBox,1.01,10,0.4,0,94.2,0,0.000327
6,BigFlatBox,1.01,10,0.4,0,172,0,0.000307
7,BigFlatBox,1.01,10,0.4,0,195.8,0,0.000323
8,BigFlatBox,1.01,10,0.4,0,262.8,0,0.000333
9,BigFlatBox,1.01,10,0.4,0,208,0,0.000314
10,BigFlatBox,1.01,10,0.4,0,232.2,0,0.000316
11,BigFlatBox,1.01,10,0.4,0,241.3,0,0.000313
12,BigFlatBox,1.01,10,0.4,0,254.8,0,0.000316
13,BigFlatBox,1.01,10,0.4,0,243.8,0,0.000336
14,BigFlatBox,1.01,10,0.4,0,384.2,0,0.000316
6,Cube,1.02,10,0.4,0,36.7,0,0.000488
7,Cube,1.02,10,0.4,0,36.8,0,0.00046
8,Cube,1.02,10,0.4,0,34.4,0,0.00046
9,Cube,1.02,10,0.4,0,39,0,0.000515
10,Cube,1.02,10,0.4,0,40,0,0.000512
11,Cube,1.02,10,0.4,0,38.6,0,0.000501
12,Cube,1.02,10,0.4,0,44.5,0,0.000432
13,Cube,1.02,10,0.4,0,49.6,0,0.00042
14,Cube,1.02,10,0.4,0,45.2,0,0.000486
6,FlatBox,1.02,10,0.4,0,44.2,0,0.000461
7,FlatBox,1.02,10,0.4,0,56.6,0,0.000418
8,FlatBox,1.02,10,0.4,0,64.2,0,0.000406
9,FlatBox,1.02,10,0.4,0,72,0,0.000326
10,FlatBox,1.02,10,0.4,0,77.4,0,0.000402
11,FlatBox,1.02,10,0.4,0,70.2,0,0.00041
12,FlatBox,1.02,10,0.4,0,79.4,0,0.000436
13,FlatBox,1.02,10,0.4,0,90.5,0,0.000398
14,FlatBox,1.02,10,0.4,0,75,0,0.000405
6,BigFlatBox,1.02,10,0.4,0,181.9,0,0.00035
7,BigFlatBox,1.02,10,0.4,0,216.2,0,0.000373
8,BigFlatBox,1.02,10,0.4,0,205.1,0,0.000373
9,BigFlatBox,1.02,10,0.4,0,223,0,0.000378
10,BigFlatBox,1.02,10,0.4,0,221.2,0,0.000358
11,BigFlatBox,1.02,10,0.4,0,260,0,0.000391
12,BigFlatBox,1.02,10,0.4,0,305.8,0,0.00037
13,BigFlatBox,1.02,10,0.4,0,292.8,0,0.000388
14,BigFlatBox,1.02,10,0.4,0,299.8,0,0.000376
6,Cube,1,6,0.6,0,57.8,0,0.000415
7,Cube,1,6,0.6,0,63.4,0,0.000425
8,Cube,1,6,0.6,0,61.8,0,0.000407
9,Cube,1,6,0.6,0,93.2,0,0.000413
10,Cube,1,6,0.6,0,84.4,0,0.00047
11,Cube,1,6,0.6,0,84.7,0,0.000408
12,Cube,1,6,0.6,0,82,0,0.000406
13,Cube,1,6,0.6,0,91.4,0,0.000395
14,Cube,1,6,0.6,0,90.8,0,0.000432
6,FlatBox,1,6,0.6,0,100.8,0,0.000406
7,FlatBox,1,6,0.6,0,124,0,0.000413
8,FlatBox,1,6,0.6,0,111,0,0.000388
9,FlatBox,1,6,0.6,0,127.8,0,0.000417
10,FlatBox,1,6,0.6,0,133.1,0,0.000391
11,FlatBox,1,6,0.6,0,166.8,0,0.000382
12,FlatBox,1,6,0.6,0,152.8,0,0.000346
13,FlatBox,1,6,0.6,0,155.6,0,0.000306
14,FlatBox,1,6,0.6,0,156.5,0,0.000402
6,BigFlatBox,1,6,0.6,0,297.6,0,0.000377
7,BigFlatBox,1,6,0.6,0,372.2,0,0.000379
8,BigFlatBox,1,6,0.6,0,366,0,0.000367
9,BigFlatBox,1,6,0.6,0,365.5,0,0.00037
10,BigFlatBox,1,6,0.6,0,403,0,0.000331
11,BigFlatBox,1,6,0.6,0,370,0,0.000385
12,BigFlatBox,1,6,0.6,0,457.4,0,0.000379
13,BigFlatBox,1,6,0.6,0,379.2,0,0.000366
14,BigFlatBox,1,6,0.6,0,408,0,0.000368
6,Cube,1.01,6,0.6,0,48.4,0,0.000441
7,Cube,1.01,6,0.6,0,55.6,0,0.000425
8,Cube,1.01,6,0.6,0,62.4,0,0.000417
9,Cube,1.01,6,0.6,0,68.2,0,0.00041
10,Cube,1.01,6,0.6,0,66.2,0,0.00042
11,Cube,1.01,6,0.6,0,71.2,0,0.000421
12,Cube,1.01,6,0.6,0,89.4,0,0.000447
13,Cube,1.01,6,0.6,0,78,0,0.000412
14,Cube,1.01,6,0.6,0,82.4,0,0.000413
6,FlatBox,1.01,6,0.6,0,111.8,0,0.000403
7,FlatBox,1.01,6,0.6,0,116.2,0,0.000433
8,FlatBox,1.01,6,0.6,0,136.4,0,0.000395
9,FlatBox,1.01,6,0.6,0,121.6,0,0.000352
10,FlatBox,1.01,6,0.6,0,120,0,0.000393
11,FlatBox,1.01,6,0.6,0,134,0,0.000398
12,FlatBox,1.01,6,0.6,0,154.4,0,0.000416
13,FlatBox,1.01,6,0.6,0,167.2,0,0.00039
14,FlatBox,1.01,6,0.6,0,153.2,0,0.000387
6,BigFlatBox,1.01,6,0.6,0,295.4,0,0.000394
7,BigFlatBox,1.01,6,0.6,0,381.2,0,0.000359
8,BigFlatBox,1.01,6,0.6,0,417.5,0,0.000363
9,BigFlatBox,1.01,6,0.6,0,358.6,0,0.000389
10,BigFlatBox,1.01,6,0.6,0,480.5,0,0.000365
11,BigFlatBox,1.01,6,0.6,0,535.2,0,0.000369
12,BigFlatBox,1.01,6,0.6,0,461.2,0,0.000361
13,BigFlatBox,1.01,6,0.6,0,347.6,0,0.000352
14,BigFlatBox,1.01,6,0.6,0,556.7,0,0.000384
6,Cube,1.02,6,0.6,0,54.2,0,0.000422
7,Cube,1.02,6,0.6,0,48,0,0.000481
8,Cube,1.02,6,0.6,0,51.8,0,0.000416
9,Cube,1.02,6,0.6,0,58.4,0,0.000419
10,Cube,1.02,6,0.6,0,75.2,0,0.000407
11,Cube,1.02,6,0.6,0,81.6,0,0.000401
12,Cube,1.02,6,0.6,0,77.2,0,0.00041
13,Cube,1.02,6,0.6,0,88.3,0,0.0004
14,Cube,1.02,6,0.6,0,81.4,0,0.000407
6,FlatBox,1.02,6,0.6,0,99.8,0,0.000342
7,FlatBox,1.02,6,0.6,0,114.8,0,0.000338
8,FlatBox,1.02,6,0.6,0,130.5,0,0.000394
9,FlatBox,1.02,6,0.6,0,125.6,0,0.00039
10,FlatBox,1.02,6,0.6,0,153.1,0,0.000361
11,FlatBox,1.02,6,0.6,0,143.8,0,0.000317
12,FlatBox,1.02,6,0.6,0,165.1,0,0.000311
13,FlatBox,1.02,6,0.6,0,173.4,0,0.000332
14,FlatBox,1.02,6,0.6,0,192.5,0,0.000319
6,BigFlatBox,1.02,6,0.6,0,392,0,0.000325
7,BigFlatBox,1.02,6,0.6,0,354.8,0,0.000401
8,BigFlatBox,1.02,6,0.6,0,403.2,0,0.000382
9,BigFlatBox,1.02,6,0.6,0,440.5,0,0.000362
10,BigFlatBox,1.02,6,0.6,0,530,0,0.000337
11,BigFlatBox,1.02,6,0.6,0,542.6,0,0.000324
12,BigFlatBox,1.02,6,0.6,0,582,0,0.000349
13,BigFlatBox,1.02,6,0.6,0,335.4,0,0.000366
14,BigFlatBox,1.02,6,0.6,0,393,0,0.000322
6,Cube,1,7,0.6,0,41.6,0,0.000511
7,Cube,1,7,0.6,0,47.4,0,0.000478
8,Cube,1,7,0.6,0,54.6,0,0.000399
9,Cube,1,7,0.6,0,57.8,0,0.000494
10,Cube,1,7,0.6,0,59.2,0,0.000425
11,Cube,1,7,0.6,0,58,0,0.000429
12,Cube,1,7,0.6,0,58.6,0,0.00041
13,Cube,1,7,0.6,0,66.4,0,0.0004
14,Cube,1,7,0.6,0,71.6,0,0.000403
6,FlatBox,1,7,0.6,0,88.2,0,0.000406
7,FlatBox,1,7,0.6,0,91.5,0,0.000395
8,FlatBox,1,7,0.6,0,81.2,0,0.000405
9,FlatBox,1,7,0.6,0,97.8,0,0.000405
10,FlatBox,1,7,0.6,0,110,0,0.000461
11,FlatBox,1,7,0.6,0,114,0,0.000344
12,FlatBox,1,7,0.6,0,121,0,0.000312
13,FlatBox,1,7,0.6,0,134,0,0.000396
14,FlatBox,1,7,0.6,0,124.8,0,0.000445
6,BigFlatBox,1,7,0.6,0,259,0,0.000381
7,BigFlatBox,1,7,0.6,0,229.6,0,0.000393
8,BigFlatBox,1,7,0.6,0,295.2,0,0.000375
9,BigFlatBox,1,7,0.6,0,325.8,0,0.000367
10,BigFlatBox,1,7,0.6,0,324.6,0,0.000386
11,BigFlatBox,1,7,0.6,0,330.6,0,0.000356
12,BigFlatBox,1,7,0.6,0,384,0,0.000389
13,BigFlatBox,1,7,0.6,0,364.6,0,0.000363
14,BigFlatBox,1,7,0.6,0,399.6,0,0.000358
6,Cube,1.01,7,0.6,0,42.8,0,0.000438
7,Cube,1.01,7,0.6,0,45.8,0,0.000443
8,Cube,1.01,7,0.6,0,63,0,0.000425
9,Cube,1.01,7,0.6,0,61.6,0,0.000423
10,Cube,1.01,7,0.6,0,61.8,0,0.000419
11,Cube,1.01,7,0.6,0,61.2,0,0.000433
12,Cube,1.01,7,0.6,0,66.2,0,0.000426
13,Cube,1.01,7,0.6,0,62.4,0,0.00048
14,Cube,1.01,7,0.6,0,62,0,0.000456
6,FlatBox,1.01,7,0.6,0,82.7,0,0.00041
7,FlatBox,1.01,7,0.6,0,78.4,0,0.000412
8,FlatBox,1.01,7,0.6,0,89.6,0,0.0004
9,FlatBox,1.01,7,0.6,0,97.2,0,0.000409
10,FlatBox,1.01,7,0.6,0,95.6,0,0.000432
11,FlatBox,1.01,7,0.6,0,110.4,0,0.000416
12,FlatBox,1.01,7,0.6,0,123.9,0,0.000425
13,FlatBox,1.01,7,0.6,0,109.2,0,0.000388
14,FlatBox,1.01,7,0.6,0,120,0,0.000353
6,BigFlatBox,1.01,7,0.6,0,245.4,0,0.000357
7,BigFlatBox,1.01,7,0.6,0,289.2,0,0.000365
8,BigFlatBox,1.01,7,0.6,0,279.6,0,0.000374
9,BigFlatBox,1.01,7,0.6,0,316,0,0.000367
10,BigFlatBox,1.01,7,0.6,0,347.8,0,0.000392
11,BigFlatBox,1.01,7,0.6,0,277.3,0,0.0004
12,BigFlatBox,1.01,7,0.6,0,362.4,0,0.000398
13,BigFlatBox,1.01,7,0.6,0,392.1,0,0.000391
14,BigFlatBox,1.01,7,0.6,0,448.7,0,0.000374
6,Cube,1.02,7,0.6,0,43.3,0,0.00046
7,Cube,1.02,7,0.6,0,41.8,0,0.000396
8,Cube,1.02,7,0.6,0,47.2,0,0.000428
9,Cube,1.02,7,0.6,0,51,0,0.00051
10,Cube,1.02,7,0.6,0,56.5,0,0.00033
11,Cube,1.02,7,0.6,0,54.4,0,0.000441
12,Cube,1.02,7,0.6,0,58.6,0,0.000441
13,Cube,1.02,7,0.6,0,70.2,0,0.000426
14,Cube,1.02,7,0.6,0,70.1,0,0.000485
6,FlatBox,1.02,7,0.6,0,74.6,0,0.000403
7,FlatBox,1.02,7,0.6,0,93.3,0,0.000408
8,FlatBox,1.02,7,0.6,0,93.8,0,0.000408
9,FlatBox,1.02,7,0.6,0,102.4,0,0.000407
10,FlatBox,1.02,7,0.6,0,107.2,0,0.000424
11,FlatBox,1.02,7,0.6,0,122.5,0,0.00039
12,FlatBox,1.02,7,0.6,0,110,0,0.000389
13,FlatBox,1.02,7,0.6,0,144.8,0,0.000399
14,FlatBox,1.02,7,0.6,0,131.2,0,0.000404
6,BigFlatBox,1.02,7,0.6,0,263.1,0,0.000377
7,BigFlatBox,1.02,7,0.6,0,289.6,0,0.000372
8,BigFlatBox,1.02,7,0.6,0,296.9,0,0.000368
9,BigFlatBox,1.02,7,0.6,0,358.6,0,0.000341
10,BigFlatBox,1.02,7,0.6,0,411.2,0,0.000372
11,BigFlatBox,1.02,7,0.6,0,395.4,0,0.00038
12,BigFlatBox,1.02,7,0.6,0,453.1,0,0.00038
13,BigFlatBox,1.02,7,0.6,0,417.4,0,0.000378
14,BigFlatBox,1.02,7,0.6,0,317.7,0,0.000376
6,Cube,1,8,0.6,0,41.8,0,0.000435
7,Cube,1,8,0.6,0,44,0,0.000456
8,Cube,1,8,0.6,0,43.4,0,0.000454
9,Cube,1,8,0.6,0,54.7,0,0.000438
10,Cube,1,8,0.6,0,59.2,0,0.000433
11,Cube,1,8,0.6,0,58,0,0.000433
12,Cube,1,8,0.6,0,60,0,0.000434
13,Cube,1,8,0.6,0,61,0,0.000472
14,Cube,1,8,0.6,0,60,0,0.000458
6,FlatBox,1,8,0.6,0,64.3,0,0.000464
7,FlatBox,1,8,0.6,0,67.8,0,0.000413
8,FlatBox,1,8,0.6,0,69.8,0,0.000467
9,FlatBox,1,8,0.6,0,85,0,0.00042
10,FlatBox,1,8,0.6,0,95.2,0,0.000411
11,FlatBox,1,8,0.6,0,98.8,0,0.000444
12,FlatBox,1,8,0.6,0,122.6,0,0.000405
13,FlatBox,1,8,0.6,0,121.6,0,0.000399
14,FlatBox,1,8,0.6,0,122.4,0,0.000405
6,BigFlatBox,1,8,0.6,0,218.4,0,0.00038
7,BigFlatBox,1,8,0.6,0,257,0,0.000382
8,BigFlatBox,1,8,0.6,0,260,0,0.000386
9,BigFlatBox,1,8,0.6,0,281.4,0,0.000404
10,BigFlatBox,1,8,0.6,0,277.2,0,0.000372
11,BigFlatBox,1,8,0.6,0,321,0,0.000383
12,BigFlatBox,1,8,0.6,0,357.2,0,0.000378
13,BigFlatBox,1,8,0.6,0,346.5,0,0.000321
14,BigFlatBox,1,8,0.6,0,328.2,0,0.000404
6,Cube,1.01,8,0.6,0,41.5,0,0.000444
7,Cube,1.01,8,0.6,0,44,0,0.000447
8,Cube,1.01,8,0.6,0,46,0,0.000448
9,Cube,1.01,8,0.6,0,43.8,0,0.00046
10,Cube,1.01,8,0.6,0,49.4,0,0.000441
11,Cube,1.01,8,0.6,0,58,0,0.000439
12,Cube,1.01,8,0.6,0,70.9,0,0.000415
13,Cube,1.01,8,0.6,0,62.8,0,0.000428
14,Cube,1.01,8,0.6,0,66.6,0,0.000425
6,FlatBox,1.01,8,0.6,0,61.4,0,0.000425
7,FlatBox,1.01,8,0.6,0,73.1,0,0.000419
8,FlatBox,1.01,8,0.6,0,83,0,0.000415
9,FlatBox,1.01,8,0.6,0,83.5,0,0.00041
10,FlatBox,1.01,8,0.6,0,92.6,0,0.000411
11,FlatBox,1.01,8,0.6,0,101.1,0,0.000437
12,FlatBox,1.01,8,0.6,0,104.6,0,0.000402
13,FlatBox,1.01,8,0.6,0,130,0,0.00044
14,FlatBox,1.01,8,0.6,0,128,0,0.000435
6,BigFlatBox,1.01,8,0.6,0,245.1,0,0.000361
7,BigFlatBox,1.01,8,0.6,0,263,0,0.000366
8,BigFlatBox,1.01,8,0.6,0,254.1,0,0.000383
9,BigFlatBox,1.01,8,0.6,0,321.2,0,0.000405
10,BigFlatBox,1.01,8,0.6,0,213.9,0,0.00041
11,BigFlatBox,1.01,8,0.6,0,281.2,0,0.000383
12,BigFlatBox,1.01,8,0.6,0,331.3,0,0.000391
13,BigFlatBox,1.01,8,0.6,0,323.4,0,0.00038
14,BigFlatBox,1.01,8,0.6,0,426,0,0.000377
6,Cube,1.02,8,0.6,0,46.6,0,0.000437
7,Cube,1.02,8,0.6,0,46,0,0.000513
8,Cube,1.02,8,0.6,0,50.4,0,0.000448
9,Cube,1.02,8,0.6,0,46.4,0,0.000449
10,Cube,1.02,8,0.6,0,45.2,0,0.000452
11,Cube,1.02,8,0.6,0,45.6,0,0.000479
12,Cube,1.02,8,0.6,0,43.6,0,0.000521
13,Cube,1.02,8,0.6,0,47.8,0,0.000446
14,Cube,1.02,8,0.6,0,49.2,0,0.000435
6,FlatBox,1.02,8,0.6,0,68.4,0,0.000457
7,FlatBox,1.02,8,0.6,0,66.4,0,0.000427
8,FlatBox,1.02,8,0.6,0,87.4,0,0.000404
9,FlatBox,1.02,8,0.6,0,112.8,0,0.000417
10,FlatBox,1.02,8,0.6,0,92.5,0,0.000408
11,FlatBox,1.02,8,0.6,0,96.2,0,0.000407
12,FlatBox,1.02,8,0.6,0,98.7,0,0.000411
13,FlatBox,1.02,8,0.6,0,95.4,0,0.000413
14,FlatBox,1.02,8,0.6,0,100.6,0,0.000407
6,BigFlatBox,1.02,8,0.6,0,313.6,0,0.000376
7,BigFlatBox,1.02,8,0.6,0,276.3,0,0.000385
8,BigFlatBox,1.02,8,0.6,0,303,0,0.000405
9,BigFlatBox,1.02,8,0.6,0,264.7,0,0.000375
10,BigFlatBox,1.02,8,0.6,0,275.6,0,0.000377
11,BigFlatBox,1.02,8,0.6,0,409.6,0,0.00037
12,BigFlatBox,1.02,8,0.6,0,258,0,0.000393
13,BigFlatBox,1.02,8,0.6,0,332.6,0,0.000382
14,BigFlatBox,1.02,8,0.6,0,372.2,0,0.000378
6,Cube,1,9,0.6,0,38,0,0.000311
7,Cube,1,9,0.6,0,41.4,0,0.000323
8,Cube,1,9,0.6,0,40.6,0,0.000427
9,Cube,1,9,0.6,0,45.2,0,0.00046
10,Cube,1,9,0.6,0,44.9,0,0.000565
11,Cube,1,9,0.6,0,47,0,0.000454
12,Cube,1,9,0.6,0,47.6,0,0.000396
13,Cube,1,9,0.6,0,54.4,0,0.000514
14,Cube,1,9,0.6,0,56,0,0.000502
6,FlatBox,1,9,0.6,0,58.8,0,0.000408
7,FlatBox,1,9,0.6,0,59.4,0,0.000431
8,FlatBox,1,9,0.6,0,61,0,0.000477
9,FlatBox,1,9,0.6,0,70.4,0,0.000459
10,FlatBox,1,9,0.6,0,71.4,0,0.000408
11,FlatBox,1,9,0.6,0,82.4,0,0.000406
12,FlatBox,1,9,0.6,0,90.4,0,0.000455
13,FlatBox,1,9,0.6,0,108.3,0,0.000405
14,FlatBox,1,9,0.6,0,102.8,0,0.00041
6,BigFlatBox,1,9,0.6,0,208.2,0,0.000388
7,BigFlatBox,1,9,0.6,0,233.4,0,0.000376
8,BigFlatBox,1,9,0.6,0,213.2,0,0.000379
9,BigFlatBox,1,9,0.6,0,233.8,0,0.000402
10,BigFlatBox,1,9,0.6,0,240.2,0,0.000373
11,BigFlatBox,1,9,0.6,0,244.4,0,0.000399
12,BigFlatBox,1,9,0.6,0,244.4,0,0.000387
13,BigFlatBox,1,9,0.6,0,290,0,0.000384
14,BigFlatBox,1,9,0.6,0,291.2,0,0.000396
6,Cube,1.01,9,0.6,0,40.8,0,0.000464
7,Cube,1.01,9,0.6,0,41.8,0,0.000462
8,Cube,1.01,9,0.6,0,39.6,0,0.000462
9,Cube,1.01,9,0.6,0,40.6,0,0.000467
10,Cube,1.01,9,0.6,0,51,0,0.000451
11,Cube,1.01,9,0.6,0,44.6,0,0.000434
12,Cube,1.01,9,0.6,0,48.8,0,0.000403
13,Cube,1.01,9,0.6,0,49.6,0,0.000433
14,Cube,1.01,9,0.6,0,54.8,0,0.000527
6,FlatBox,1.01,9,0.6,0,48.4,0,0.000494
7,FlatBox,1.01,9,0.6,0,65.4,0,0.000464
8,FlatBox,1.01,9,0.6,0,70.8,0,0.000483
9,FlatBox,1.01,9,0.6,0,73.8,0,0.000429
10,FlatBox,1.01,9,0.6,0,75.6,0,0.000461
11,FlatBox,1.01,9,0.6,0,83.4,0,0.000428
12,FlatBox,1.01,9,0.6,0,93.8,0,0.000416
13,FlatBox,1.01,9,0.6,0,90.4,0,0.000409
14,FlatBox,1.01,9,0.6,0,109.2,0,0.000431
6,BigFlatBox,1.01,9,0.6,0,166.2,0,0.000388
7,BigFlatBox,1.01,9,0.6,0,217.4,0,0.000415
8,BigFlatBox,1.01,9,0.6,0,232,0,0.000386
9,BigFlatBox,1.01,9,0.6,0,266.2,0,0.000393
10,BigFlatBox,1.01,9,0.6,0,233.2,0,0.000424
11,BigFlatBox,1.01,9,0.6,0,316.3,0,0.000386
12,BigFlatBox,1.01,9,0.6,0,289.7,0,0.000376
13,BigFlatBox,1.01,9,0.6,0,299.5,0,0.000391
14,BigFlatBox,1.01,9,0.6,0,297.2,0,0.000383
6,Cube,1.02,9,0.6,0,34.4,0,0.000475
7,Cube,1.02,9,0.6,0,38.6,0,0.000455
8,Cube,1.02,9,0.6,0,40,0,0.000438
9,Cube,1.02,9,0.6,0,40.8,0,0.000515
10,Cube,1.02,9,0.6,0,43.1,0,0.000474
11,Cube,1.02,9,0.6,0,49.4,0,0.000454
12,Cube,1.02,9,0.6,0,47.2,0,0.00045
13,Cube,1.02,9,0.6,0,52,0,0.000444
14,Cube,1.02,9,0.6,0,52.4,0,0.000452
6,FlatBox,1.02,9,0.6,0,58.6,0,0.000451
7,FlatBox,1.02,9,0.6,0,56.1,0,0.000536
8,FlatBox,1.02,9,0.6,0,66.6,0,0.000477
9,FlatBox,1.02,9,0.6,0,65.3,0,0.000437
10,FlatBox,1.02,9,0.6,0,91.4,0,0.000413
11,FlatBox,1.02,9,0.6,0,79.3,0,0.000492
12,FlatBox,1.02,9,0.6,0,96.8,0,0.000412
13,FlatBox,1.02,9,0.6,0,94.5,0,0.000445
14,FlatBox,1.02,9,0.6,0,81.8,0,0.000418
6,BigFlatBox,1.02,9,0.6,0,244.4,0,0.000401
7,BigFlatBox,1.02,9,0.6,0,233.8,0,0.000394
8,BigFlatBox,1.02,9,0.6,0,245.7,0,0.000404
9,BigFlatBox,1.02,9,0.6,0,284.4,0,0.000399
10,BigFlatBox,1.02,9,0.6,0,237.1,0,0.000393
11,BigFlatBox,1.02,9,0.6,0,264.8,0,0.000382
12,BigFlatBox,1.02,9,0.6,0,216.8,0,0.000385
13,BigFlatBox,1.02,9,0.6,0,297,0,0.000368
14,BigFlatBox,1.02,9,0.6,0,265.8,0,0.000396
6,Cube,1,10,0.6,0,37.2,0,0.000463
7,Cube,1,10,0.6,0,38.1,0,0.000462
8,Cube,1,10,0.6,0,39.8,0,0.000451
9,Cube,1,10,0.6,0,41.6,0,0.00051
10,Cube,1,10,0.6,0,43.8,0,0.000469
11,Cube,1,10,0.6,0,45.7,0,0.000463
12,Cube,1,10,0.6,0,48.6,0,0.000462
13,Cube,1,10,0.6,0,47.4,0,0.000448
14,Cube,1,10,0.6,0,53.6,0,0.000443
6,FlatBox,1,10,0.6,0,55.5,0,0.000449
7,FlatBox,1,10,0.6,0,52.8,0,0.000446
8,FlatBox,1,10,0.6,0,54,0,0.000448
9,FlatBox,1,10,0.6,0,71.2,0,0.000466
10,FlatBox,1,10,0.6,0,61.4,0,0.00043
11,FlatBox,1,10,0.6,0,68.8,0,0.000428
12,FlatBox,1,10,0.6,0,85.1,0,0.000456
13,FlatBox,1,10,0.6,0,87.8,0,0.000426
14,FlatBox,1,10,0.6,0,86.1,0,0.000449
6,BigFlatBox,1,10,0.6,0,222.6,0,0.000421
7,BigFlatBox,1,10,0.6,0,192,0,0.000392
8,BigFlatBox,1,10,0.6,0,232,0,0.00039
9,BigFlatBox,1,10,0.6,0,215.7,0,0.000386
10,BigFlatBox,1,10,0.6,0,216.8,0,0.000386
11,BigFlatBox,1,10,0.6,0,236.9,0,0.000393
12,BigFlatBox,1,10,0.6,0,242,0,0.000404
13,BigFlatBox,1,10,0.6,0,235.4,0,0.000412
14,BigFlatBox,1,10,0.6,0,264.2,0,0.000395
6,Cube,1.01,10,0.6,0,34,0,0.000521
7,Cube,1.01,10,0.6,0,35,0,0.00048
8,Cube,1.01,10,0.6,0,40.8,0,0.000537
9,Cube,1.01,10,0.6,0,40,0,0.000439
10,Cube,1.01,10,0.6,0,38.4,0,0.000462
11,Cube,1.01,10,0.6,0,39,0,0.000463
12,Cube,1.01,10,0.6,0,38.6,0,0.000481
13,Cube,1.01,10,0.6,0,41.4,0,0.000512
14,Cube,1.01,10,0.6,0,45.4,0,0.000462
6,FlatBox,1.01,10,0.6,0,51.4,0,0.000444
7,FlatBox,1.01,10,0.6,0,72.6,0,0.000457
8,FlatBox,1.01,10,0.6,0,65.2,0,0.000516
9,FlatBox,1.01,10,0.6,0,66.4,0,0.000454
10,FlatBox,1.01,10,0.6,0,53.4,0,0.000451
11,FlatBox,1.01,10,0.6,0,79.6,0,0.000401
12,FlatBox,1.01,10,0.6,0,85,0,0.00038
13,FlatBox,1.01,10,0.6,0,70.8,0,0.00043
14,FlatBox,1.01,10,0.6,0,95.8,0,0.000452
6,BigFlatBox,1.01,10,0.6,0,180.5,0,0.000368
7,BigFlatBox,1.01,10,0.6,0,203.2,0,0.000359
8,BigFlatBox,1.01,10,0.6,0,252.2,0,0.000384
9,BigFlatBox,1.01,10,0.6,0,204.2,0,0.000432
10,BigFlatBox,1.01,10,0.6,0,236.3,0,0.000406
11,BigFlatBox,1.01,10,0.6,0,249.3,0,0.000414
12,BigFlatBox,1.01,10,0.6,0,248.3,0,0.00042
13,BigFlatBox,1.01,10,0.6,0,237.2,0,0.000408
14,BigFlatBox,1.01,10,0.6,0,393.3,0,0.000376
6,Cube,1.02,10,0.6,0,36.8,0,0.000483
7,Cube,1.02,10,0.6,0,37.2,0,0.000422
8,Cube,1.02,10,0.6,0,33.6,0,0.000461
9,Cube,1.02,10,0.6,0,38,0,0.000461
10,Cube,1.02,10,0.6,0,40,0,0.000432
11,Cube,1.02,10,0.6,0,39.4,0,0.000459
12,Cube,1.02,10,0.6,0,46,0,0.000462
13,Cube,1.02,10,0.6,0,47.4,0,0.000495
14,Cube,1.02,10,0.6,0,47.8,0,0.000486
6,FlatBox,1.02,10,0.6,0,44.1,0,0.000461
7,FlatBox,1.02,10,0.6,0,55.4,0,0.00049
8,FlatBox,1.02,10,0.6,0,59.8,0,0.000483
9,FlatBox,1.02,10,0.6,0,71,0,0.000492
10,FlatBox,1.02,10,0.6,0,75.2,0,0.000463
11,FlatBox,1.02,10,0.6,0,85.2,0,0.000424
12,FlatBox,1.02,10,0.6,0,83.6,0,0.000444
13,FlatBox,1.02,10,0.6,0,95.6,0,0.000412
14,FlatBox,1.02,10,0.6,0,81.3,0,0.000431
6,BigFlatBox,1.02,10,0.6,0,167.8,0,0.000348
7,BigFlatBox,1.02,10,0.6,0,226.8,0,0.000408
8,BigFlatBox,1.02,10,0.6,0,206.6,0,0.000396
9,BigFlatBox,1.02,10,0.6,0,215.1,0,0.000418
10,BigFlatBox,1.02,10,0.6,0,223.8,0,0.000407
11,BigFlatBox,1.02,10,0.6,0,254.8,0,0.000407
12,BigFlatBox,1.02,10,0.6,0,314.6,0,0.000405
13,BigFlatBox,1.02,10,0.6,0,303.3,0,0.000393
14,BigFlatBox,1.02,10,0.6,0,314.7,0,0.000399
6,Cube,1,6,0.8,0,57.7,0,0.000482
7,Cube,1,6,0.8,0,62.6,0,0.00051
8,Cube,1,6,0.8,0,65.7,0,0.000443
9,Cube,1,6,0.8,0,92.8,0,0.00042
10,Cube,1,6,0.8,0,90.6,0,0.000415
11,Cube,1,6,0.8,0,81.8,0,0.000424
12,Cube,1,6,0.8,0,87,0,0.000428
13,Cube,1,6,0.8,0,91.6,0,0.000411
14,Cube,1,6,0.8,0,95.2,0,0.000415
6,FlatBox,1,6,0.8,0,106.2,0,0.000413
7,FlatBox,1,6,0.8,0,118.8,0,0.000409
8,FlatBox,1,6,0.8,0,100.6,0,0.000429
9,FlatBox,1,6,0.8,0,128.2,0,0.000369
10,FlatBox,1,6,0.8,0,118.6,0,0.000308
11,FlatBox,1,6,0.8,0,142.4,0,0.000405
12,FlatBox,1,6,0.8,0,138,0,0.000349
13,FlatBox,1,6,0.8,0,142.6,0,0.000385
14,FlatBox,1,6,0.8,0,140.2,0,0.000421
6,BigFlatBox,1,6,0.8,0,267.3,0,0.000381
7,BigFlatBox,1,6,0.8,0,366.6,0,0.000384
8,BigFlatBox,1,6,0.8,0,333,0,0.0004
9,BigFlatBox,1,6,0.8,0,346.2,0,0.000388
10,BigFlatBox,1,6,0.8,0,383.9,0,0.000385
11,BigFlatBox,1,6,0.8,0,389.2,0,0.000386
12,BigFlatBox,1,6,0.8,0,451.6,0,0.000405
13,BigFlatBox,1,6,0.8,0,389.8,0,0.000425
14,BigFlatBox,1,6,0.8,0,405,0,0.000386
6,Cube,1.01,6,0.8,0,48.6,0,0.000472
7,Cube,1.01,6,0.8,0,54.4,0,0.00053
8,Cube,1.01,6,0.8,0,64.6,0,0.000493
9,Cube,1.01,6,0.8,0,66.8,0,0.00048
10,Cube,1.01,6,0.8,0,65.8,0,0.00051
11,Cube,1.01,6,0.8,0,71.8,0,0.000443
12,Cube,1.01,6,0.8,0,92.6,0,0.000507
13,Cube,1.01,6,0.8,0,79,0,0.000479
14,Cube,1.01,6,0.8,0,80.6,0,0.000478
6,FlatBox,1.01,6,0.8,0,109.2,0,0.000454
7,FlatBox,1.01,6,0.8,0,96.2,0,0.00042
8,FlatBox,1.01,6,0.8,0,136.6,0,0.000475
9,FlatBox,1.01,6,0.8,0,130,0,0.000437
10,FlatBox,1.01,6,0.8,0,119,0,0.000414
11,FlatBox,1.01,6,0.8,0,137,0,0.000415
12,FlatBox,1.01,6,0.8,0,146.6,0,0.000445
13,FlatBox,1.01,6,0.8,0,176.8,0,0.000421
14,FlatBox,1.01,6,0.8,0,151.8,0,0.000426
6,BigFlatBox,1.01,6,0.8,0,301.4,0,0.000405
7,BigFlatBox,1.01,6,0.8,0,396.8,0,0.000387
8,BigFlatBox,1.01,6,0.8,0,408,0,0.000412
9,BigFlatBox,1.01,6,0.8,0,370.8,0,0.000426
10,BigFlatBox,1.01,6,0.8,0,478.2,0,0.000399
11,BigFlatBox,1.01,6,0.8,0,556.4,0,0.0004
12,BigFlatBox,1.01,6,0.8,0,466.4,0,0.000403
13,BigFlatBox,1.01,6,0.8,0,380.4,0,0.000416
14,BigFlatBox,1.01,6,0.8,0,570.8,0,0.00039
6,Cube,1.02,6,0.8,0,56.8,0,0.000439
7,Cube,1.02,6,0.8,0,47.6,0,0.000469
8,Cube,1.02,6,0.8,0,50,0,0.000453
9,Cube,1.02,6,0.8,0,57.2,0,0.000499
10,Cube,1.02,6,0.8,0,70.9,0,0.000436
11,Cube,1.02,6,0.8,0,76.4,0,0.00042
12,Cube,1.02,6,0.8,0,73.6,0,0.000471
13,Cube,1.02,6,0.8,0,76.8,0,0.000429
14,Cube,1.02,6,0.8,0,69.4,0,0.000439
6,FlatBox,1.02,6,0.8,0,104.8,0,0.000414
7,FlatBox,1.02,6,0.8,0,115,0,0.000441
8,FlatBox,1.02,6,0.8,0,127.4,0,0.00041
9,FlatBox,1.02,6,0.8,0,107.6,0,0.000419
10,FlatBox,1.02,6,0.8,0,152,0,0.000388
11,FlatBox,1.02,6,0.8,0,125.9,0,0.000331
12,FlatBox,1.02,6,0.8,0,141.6,0,0.000316
13,FlatBox,1.02,6,0.8,0,173.4,0,0.000383
14,FlatBox,1.02,6,0.8,0,194.7,0,0.000371
6,BigFlatBox,1.02,6,0.8,0,359.5,0,0.000413
7,BigFlatBox,1.02,6,0.8,0,345.4,0,0.000377
8,BigFlatBox,1.02,6,0.8,0,387.3,0,0.000389
9,BigFlatBox,1.02,6,0.8,0,408.4,0,0.000388
10,BigFlatBox,1.02,6,0.8,0,492.9,0,0.000394
11,BigFlatBox,1.02,6,0.8,0,517.4,0,0.000393
12,BigFlatBox,1.02,6,0.8,0,567,0,0.0004
13,BigFlatBox,1.02,6,0.8,0,309.6,0,0.000398
14,BigFlatBox,1.02,6,0.8,0,453.6,0,0.000362
6,Cube,1,7,0.8,0,43.4,0,0.000557
7,Cube,1,7,0.8,0,44.6,0,0.000464
8,Cube,1,7,0.8,0,54.4,0,0.000472
9,Cube,1,7,0.8,0,56.2,0,0.000475
10,Cube,1,7,0.8,0,59.8,0,0.000469
11,Cube,1,7,0.8,0,58,0,0.000464
12,Cube,1,7,0.8,0,58.4,0,0.000505
13,Cube,1,7,0.8,0,67.6,0,0.000441
14,Cube,1,7,0.8,0,70.4,0,0.000477
6,FlatBox,1,7,0.8,0,88.3,0,0.000426
7,FlatBox,1,7,0.8,0,92.8,0,0.000444
8,FlatBox,1,7,0.8,0,83.8,0,0.000399
9,FlatBox,1,7,0.8,0,98.2,0,0.000375
10,FlatBox,1,7,0.8,0,109,0,0.000418
11,FlatBox,1,7,0.8,0,109,0,0.000407
12,FlatBox,1,7,0.8,0,120,0,0.00045
13,FlatBox,1,7,0.8,0,124,0,0.000414
14,FlatBox,1,7,0.8,0,121.2,0,0.000424
6,BigFlatBox,1,7,0.8,0,257.4,0,0.000397
7,BigFlatBox,1,7,0.8,0,243.4,0,0.000404
8,BigFlatBox,1,7,0.8,0,286.8,0,0.000389
9,BigFlatBox,1,7,0.8,0,330.2,0,0.000404
10,BigFlatBox,1,7,0.8,0,354.4,0,0.000394
11,BigFlatBox,1,7,0.8,0,323.4,0,0.000389
12,BigFlatBox,1,7,0.8,0,368.9,0,0.000384
13,BigFlatBox,1,7,0.8,0,373,0,0.000367
14,BigFlatBox,1,7,0.8,0,392,0,0.000403
6,Cube,1.01,7,0.8,0,42.2,0,0.000526
7,Cube,1.01,7,0.8,0,48.2,0,0.000473
8,Cube,1.01,7,0.8,0,60,0,0.000497
9,Cube,1.01,7,0.8,0,62.4,0,0.000462
10,Cube,1.01,7,0.8,0,56.8,0,0.000507
11,Cube,1.01,7,0.8,0,62.8,0,0.000501
12,Cube,1.01,7,0.8,0,64.8,0,0.000439
13,Cube,1.01,7,0.8,0,62.6,0,0.000481
14,Cube,1.01,7,0.8,0,61,0,0.000467
6,FlatBox,1.01,7,0.8,0,76.8,0,0.000452
7,FlatBox,1.01,7,0.8,0,79.6,0,0.000469
8,FlatBox,1.01,7,0.8,0,84.4,0,0.000467
9,FlatBox,1.01,7,0.8,0,99.8,0,0.000402
10,FlatBox,1.01,7,0.8,0,94.4,0,0.000407
11,FlatBox,1.01,7,0.8,0,110.7,0,0.000416
12,FlatBox,1.01,7,0.8,0,116.6,0,0.000428
13,FlatBox,1.01,7,0.8,0,112.8,0,0.00047
14,FlatBox,1.01,7,0.8,0,122,0,0.000418
6,BigFlatBox,1.01,7,0.8,0,254.6,0,0.000396
7,BigFlatBox,1.01,7,0.8,0,300.8,0,0.000374
8,BigFlatBox,1.01,7,0.8,0,281.9,0,0.000364
9,BigFlatBox,1.01,7,0.8,0,310.8,0,0.000391
10,BigFlatBox,1.01,7,0.8,0,356.2,0,0.000392
11,BigFlatBox,1.01,7,0.8,0,264.2,0,0.000396
12,BigFlatBox,1.01,7,0.8,0,319.6,0,0.000396
13,BigFlatBox,1.01,7,0.8,0,403.4,0,0.00034
14,BigFlatBox,1.01,7,0.8,0,410.2,0,0.000343
6,Cube,1.02,7,0.8,0,44,0,0.000494
7,Cube,1.02,7,0.8,0,40.4,0,0.000563
8,Cube,1.02,7,0.8,0,45.8,0,0.000474
9,Cube,1.02,7,0.8,0,53.8,0,0.000526
10,Cube,1.02,7,0.8,0,53,0,0.000463
11,Cube,1.02,7,0.8,0,53.4,0,0.000457
12,Cube,1.02,7,0.8,0,53.6,0,0.000463
13,Cube,1.02,7,0.8,0,71.4,0,0.000433
14,Cube,1.02,7,0.8,0,65.4,0,0.000449
6,FlatBox,1.02,7,0.8,0,79.2,0,0.000423
7,FlatBox,1.02,7,0.8,0,93.8,0,0.000409
8,FlatBox,1.02,7,0.8,0,89.6,0,0.00042
9,FlatBox,1.02,7,0.8,0,108,0,0.000444
10,FlatBox,1.02,7,0.8,0,103.4,0,0.000413
11,FlatBox,1.02,7,0.8,0,111.6,0,0.000456
12,FlatBox,1.02,7,0.8,0,103.6,0,0.000419
13,FlatBox,1.02,7,0.8,0,123.4,0,0.000452
14,FlatBox,1.02,7,0.8,0,108.8,0,0.00043
6,BigFlatBox,1.02,7,0.8,0,266,0,0.000406
7,BigFlatBox,1.02,7,0.8,0,287.9,0,0.000369
8,BigFlatBox,1.02,7,0.8,0,310.4,0,0.000398
9,BigFlatBox,1.02,7,0.8,0,346,0,0.000386
10,BigFlatBox,1.02,7,0.8,0,406.4,0,0.000401
11,BigFlatBox,1.02,7,0.8,0,429.3,0,0.000396
12,BigFlatBox,1.02,7,0.8,0,456.4,0,0.000402
13,BigFlatBox,1.02,7,0.8,0,392.1,0,0.00039
14,BigFlatBox,1.02,7,0.8,0,297.5,0,0.000383
6,Cube,1,8,0.8,0,41.2,0,0.000385
7,Cube,1,8,0.8,0,44,0,0.000471
8,Cube,1,8,0.8,0,43.6,0,0.000479
9,Cube,1,8,0.8,0,53.8,0,0.000459
10,Cube,1,8,0.8,0,59.3,0,0.000451
11,Cube,1,8,0.8,0,58,0,0.000496
12,Cube,1,8,0.8,0,60.5,0,0.000419
13,Cube,1,8,0.8,0,59,0,0.000445
14,Cube,1,8,0.8,0,61.5,0,0.000445
6,FlatBox,1,8,0.8,0,57.2,0,0.000443
7,FlatBox,1,8,0.8,0,66.9,0,0.000431
8,FlatBox,1,8,0.8,0,64.2,0,0.000445
9,FlatBox,1,8,0.8,0,86.5,0,0.000423
10,FlatBox,1,8,0.8,0,90.8,0,0.000418
11,FlatBox,1,8,0.8,0,100.2,0,0.000445
12,FlatBox,1,8,0.8,0,116.6,0,0.000417
13,FlatBox,1,8,0.8,0,133.4,0,0.000409
14,FlatBox,1,8,0.8,0,120.6,0,0.00041
6,BigFlatBox,1,8,0.8,0,230,0,0.000412
7,BigFlatBox,1,8,0.8,0,248.2,0,0.000398
8,BigFlatBox,1,8,0.8,0,261,0,0.000414
9,BigFlatBox,1,8,0.8,0,280.6,0,0.000409
10,BigFlatBox,1,8,0.8,0,283.3,0,0.000404
11,BigFlatBox,1,8,0.8,0,311,0,0.000399
12,BigFlatBox,1,8,0.8,0,357,0,0.000409
13,BigFlatBox,1,8,0.8,0,365,0,0.000402
14,BigFlatBox,1,8,0.8,0,338.3,0,0.000404
6,Cube,1.01,8,0.8,0,41,0,0.000512
7,Cube,1.01,8,0.8,0,43.5,0,0.000479
8,Cube,1.01,8,0.8,0,47,0,0.00047
9,Cube,1.01,8,0.8,0,43.7,0,0.000483
10,Cube,1.01,8,0.8,0,48.6,0,0.000465
11,Cube,1.01,8,0.8,0,58.5,0,0.000452
12,Cube,1.01,8,0.8,0,66.6,0,0.000458
13,Cube,1.01,8,0.8,0,65.7,0,0.000458
14,Cube,1.01,8,0.8,0,63.4,0,0.000451
6,FlatBox,1.01,8,0.8,0,64.1,0,0.000436
7,FlatBox,1.01,8,0.8,0,78.6,0,0.000436
8,FlatBox,1.01,8,0.8,0,83.1,0,0.000422
9,FlatBox,1.01,8,0.8,0,81.2,0,0.000427
10,FlatBox,1.01,8,0.8,0,98.9,0,0.000357
11,FlatBox,1.01,8,0.8,0,103.2,0,0.000331
12,FlatBox,1.01,8,0.8,0,106.9,0,0.000364
13,FlatBox,1.01,8,0.8,0,125,0,0.00043
14,FlatBox,1.01,8,0.8,0,128,0,0.000413
6,BigFlatBox,1.01,8,0.8,0,246,0,0.000406
7,BigFlatBox,1.01,8,0.8,0,261.5,0,0.000368
8,BigFlatBox,1.01,8,0.8,0,266.4,0,0.000389
9,BigFlatBox,1.01,8,0.8,0,313.3,0,0.000399
10,BigFlatBox,1.01,8,0.8,0,212,0,0.000422
11,BigFlatBox,1.01,8,0.8,0,255.5,0,0.000406
12,BigFlatBox,1.01,8,0.8,0,347.2,0,0.000387
13,BigFlatBox,1.01,8,0.8,0,306,0,0.000442
14,BigFlatBox,1.01,8,0.8,0,424.5,0,0.000369
6,Cube,1.02,8,0.8,0,45.9,0,0.000312
7,Cube,1.02,8,0.8,0,45,0,0.000312
8,Cube,1.02,8,0.8,0,47.6,0,0.00033
9,Cube,1.02,8,0.8,0,44.6,0,0.000394
10,Cube,1.02,8,0.8,0,46.8,0,0.00037
11,Cube,1.02,8,0.8,0,45.4,0,0.000315
12,Cube,1.02,8,0.8,0,44.4,0,0.000334
13,Cube,1.02,8,0.8,0,46.2,0,0.000415
14,Cube,1.02,8,0.8,0,50.8,0,0.000493
6,FlatBox,1.02,8,0.8,0,68.6,0,0.000434
7,FlatBox,1.02,8,0.8,0,70.6,0,0.000442
8,FlatBox,1.02,8,0.8,0,81.6,0,0.000419
9,FlatBox,1.02,8,0.8,0,117.2,0,0.000441
10,FlatBox,1.02,8,0.8,0,98.6,0,0.000442
11,FlatBox,1.02,8,0.8,0,83.4,0,0.000381
12,FlatBox,1.02,8,0.8,0,100.8,0,0.000447
13,FlatBox,1.02,8,0.8,0,91.6,0,0.000437
14,FlatBox,1.02,8,0.8,0,101.4,0,0.000425
6,BigFlatBox,1.02,8,0.8,0,310.9,0,0.000405
7,BigFlatBox,1.02,8,0.8,0,279.8,0,0.000381
8,BigFlatBox,1.02,8,0.8,0,313,0,0.000409
9,BigFlatBox,1.02,8,0.8,0,272.8,0,0.000415
10,BigFlatBox,1.02,8,0.8,0,284.9,0,0.000403
11,BigFlatBox,1.02,8,0.8,0,392.4,0,0.00041
12,BigFlatBox,1.02,8,0.8,0,280.9,0,0.000411
13,BigFlatBox,1.02,8,0.8,0,346.4,0,0.000407
14,BigFlatBox,1.02,8,0.8,0,357.3,0,0.000394
6,Cube,1,9,0.8,0,38.2,0,0.000456
7,Cube,1,9,0.8,0,40.7,0,0.000447
8,Cube,1,9,0.8,0,40.6,0,0.000559
9,Cube,1,9,0.8,0,48,0,0.000488
10,Cube,1,9,0.8,0,50.6,0,0.000457
11,Cube,1,9,0.8,0,51.2,0,0.000474
12,Cube,1,9,0.8,0,55.2,0,0.000467
13,Cube,1,9,0.8,0,57.7,0,0.000515
14,Cube,1,9,0.8,0,61.2,0,0.000478
6,FlatBox,1,9,0.8,0,57.6,0,0.000442
7,FlatBox,1,9,0.8,0,60.6,0,0.000459
8,FlatBox,1,9,0.8,0,62.5,0,0.000479
9,FlatBox,1,9,0.8,0,73.8,0,0.000481
10,FlatBox,1,9,0.8,0,75.6,0,0.000437
11,FlatBox,1,9,0.8,0,94,0,0.000458
12,FlatBox,1,9,0.8,0,89.1,0,0.000426
13,FlatBox,1,9,0.8,0,100.6,0,0.000431
14,FlatBox,1,9,0.8,0,98.2,0,0.000414
6,BigFlatBox,1,9,0.8,0,214.4,0,0.000417
7,BigFlatBox,1,9,0.8,0,237.9,0,0.000363
8,BigFlatBox,1,9,0.8,0,229.4,0,0.000415
9,BigFlatBox,1,9,0.8,0,242.5,0,0.000426
10,BigFlatBox,1,9,0.8,0,259,0,0.000404
11,BigFlatBox,1,9,0.8,0,265.9,0,0.000331
12,BigFlatBox,1,9,0.8,0,256.2,0,0.000424
13,BigFlatBox,1,9,0.8,0,322.7,0,0.000398
14,BigFlatBox,1,9,0.8,0,319.4,0,0.000371
6,Cube,1.01,9,0.8,0,41.3,0,0.000504
7,Cube,1.01,9,0.8,0,42.6,0,0.000475
8,Cube,1.01,9,0.8,0,38.7,0,0.000483
9,Cube,1.01,9,0.8,0,42.4,0,0.000462
10,Cube,1.01,9,0.8,0,48.8,0,0.000559
11,Cube,1.01,9,0.8,0,51,0,0.000464
12,Cube,1.01,9,0.8,0,51.7,0,0.000453
13,Cube,1.01,9,0.8,0,55.8,0,0.000466
14,Cube,1.01,9,0.8,0,59.2,0,0.000499
6,FlatBox,1.01,9,0.8,0,51.4,0,0.000457
7,FlatBox,1.01,9,0.8,0,64.7,0,0.000446
8,FlatBox,1.01,9,0.8,0,68.8,0,0.000412
9,FlatBox,1.01,9,0.8,0,73.7,0,0.000304
10,FlatBox,1.01,9,0.8,0,81,0,0.00047
11,FlatBox,1.01,9,0.8,0,84.2,0,0.000474
12,FlatBox,1.01,9,0.8,0,104.2,0,0.000426
13,FlatBox,1.01,9,0.8,0,98.4,0,0.000423
14,FlatBox,1.01,9,0.8,0,109.4,0,0.000447
6,BigFlatBox,1.01,9,0.8,0,185.6,0,0.000421
7,BigFlatBox,1.01,9,0.8,0,215.6,0,0.0004
8,BigFlatBox,1.01,9,0.8,0,229,0,0.00042
9,BigFlatBox,1.01,9,0.8,0,251.8,0,0.000403
10,BigFlatBox,1.01,9,0.8,0,228.2,0,0.000431
11,BigFlatBox,1.01,9,0.8,0,321.2,0,0.000392
12,BigFlatBox,1.01,9,0.8,0,287.9,0,0.000394
13,BigFlatBox,1.01,9,0.8,0,301.2,0,0.000397
14,BigFlatBox,1.01,9,0.8,0,293.3,0,0.000403
6,Cube,1.02,9,0.8,0,33.2,0,0.000527
7,Cube,1.02,9,0.8,0,38.9,0,0.000509
8,Cube,1.02,9,0.8,0,40,0,0.000505
9,Cube,1.02,9,0.8,0,41.7,0,0.000478
10,Cube,1.02,9,0.8,0,43.4,0,0.000501
11,Cube,1.02,9,0.8,0,48.1,0,0.000518
12,Cube,1.02,9,0.8,0,45.8,0,0.000474
13,Cube,1.02,9,0.8,0,52,0,0.000463
14,Cube,1.02,9,0.8,0,53.6,0,0.000471
6,FlatBox,1.02,9,0.8,0,55.4,0,0.000448
7,FlatBox,1.02,9,0.8,0,54.4,0,0.000466
8,FlatBox,1.02,9,0.8,0,67.4,0,0.000444
9,FlatBox,1.02,9,0.8,0,62.2,0,0.000486
10,FlatBox,1.02,9,0.8,0,80.8,0,0.000437
11,FlatBox,1.02,9,0.8,0,79.2,0,0.000446
12,FlatBox,1.02,9,0.8,0,98.6,0,0.000431
13,FlatBox,1.02,9,0.8,0,91.8,0,0.000424
14,FlatBox,1.02,9,0.8,0,90.1,0,0.000424
6,BigFlatBox,1.02,9,0.8,0,239.4,0,0.000401
7,BigFlatBox,1.02,9,0.8,0,239.7,0,0.000399
8,BigFlatBox,1.02,9,0.8,0,242.8,0,0.000418
9,BigFlatBox,1.02,9,0.8,0,278.6,0,0.000392
10,BigFlatBox,1.02,9,0.8,0,240.4,0,0.000428
11,BigFlatBox,1.02,9,0.8,0,264.7,0,0.000432
12,BigFlatBox,1.02,9,0.8,0,227.6,0,0.000442
13,BigFlatBox,1.02,9,0.8,0,298.8,0,0.000424
14,BigFlatBox,1.02,9,0.8,0,244.2,0,0.000431
6,Cube,1,10,0.8,0,36.3,0,0.000566
7,Cube,1,10,0.8,0,38.4,0,0.000563
8,Cube,1,10,0.8,0,41.2,0,0.000583
9,Cube,1,10,0.8,0,40.4,0,0.000497
10,Cube,1,10,0.8,0,45.7,0,0.000521
11,Cube,1,10,0.8,0,39.6,0,0.000493
12,Cube,1,10,0.8,0,46.9,0,0.000509
13,Cube,1,10,0.8,0,46.6,0,0.000521
14,Cube,1,10,0.8,0,52.9,0,0.000481
6,FlatBox,1,10,0.8,0,53,0,0.000401
7,FlatBox,1,10,0.8,0,54.7,0,0.000316
8,FlatBox,1,10,0.8,0,53,0,0.000323
9,FlatBox,1,10,0.8,0,68.3,0,0.000467
10,FlatBox,1,10,0.8,0,59.6,0,0.000451
11,FlatBox,1,10,0.8,0,72.7,0,0.000435
12,FlatBox,1,10,0.8,0,81.2,0,0.000435
13,FlatBox,1,10,0.8,0,103.6,0,0.000465
14,FlatBox,1,10,0.8,0,81.4,0,0.000424
6,BigFlatBox,1,10,0.8,0,216.4,0,0.000455
7,BigFlatBox,1,10,0.8,0,180,0,0.000408
8,BigFlatBox,1,10,0.8,0,230.8,0,0.000377
9,BigFlatBox,1,10,0.8,0,216,0,0.000408
10,BigFlatBox,1,10,0.8,0,228.2,0,0.000408
11,BigFlatBox,1,10,0.8,0,242.4,0,0.00043
12,BigFlatBox,1,10,0.8,0,240.1,0,0.00042
13,BigFlatBox,1,10,0.8,0,233.2,0,0.000412
14,BigFlatBox,1,10,0.8,0,273.8,0,0.000404
6,Cube,1.01,10,0.8,0,33.4,0,0.000332
7,Cube,1.01,10,0.8,0,36.5,0,0.000477
8,Cube,1.01,10,0.8,0,40.2,0,0.000448
9,Cube,1.01,10,0.8,0,41,0,0.000444
10,Cube,1.01,10,0.8,0,37.6,0,0.000477
11,Cube,1.01,10,0.8,0,38,0,0.00049
12,Cube,1.01,10,0.8,0,39.4,0,0.000557
13,Cube,1.01,10,0.8,0,40.6,0,0.000459
14,Cube,1.01,10,0.8,0,47.6,0,0.00043
6,FlatBox,1.01,10,0.8,0,50.4,0,0.000453
7,FlatBox,1.01,10,0.8,0,69.4,0,0.000498
8,FlatBox,1.01,10,0.8,0,64.8,0,0.000454
9,FlatBox,1.01,10,0.8,0,62.6,0,0.000484
10,FlatBox,1.01,10,0.8,0,56.6,0,0.000465
11,FlatBox,1.01,10,0.8,0,86.4,0,0.000478
12,FlatBox,1.01,10,0.8,0,85,0,0.000432
13,FlatBox,1.01,10,0.8,0,72.2,0,0.000445
14,FlatBox,1.01,10,0.8,0,94.2,0,0.000432
6,BigFlatBox,1.01,10,0.8,0,172,0,0.000425
7,BigFlatBox,1.01,10,0.8,0,195.8,0,0.000475
8,BigFlatBox,1.01,10,0.8,0,262.8,0,0.000423
9,BigFlatBox,1.01,10,0.8,0,208,0,0.000415
10,BigFlatBox,1.01,10,0.8,0,232.2,0,0.00041
11,BigFlatBox,1.01,10,0.8,0,243.2,0,0.00041
12,BigFlatBox,1.01,10,0.8,0,254,0,0.000405
13,BigFlatBox,1.01,10,0.8,0,243.8,0,0.000435
14,BigFlatBox,1.01,10,0.8,0,384.2,0,0.000434
6,Cube,1.02,10,0.8,0,37,0,0.000494
7,Cube,1.02,10,0.8,0,39.2,0,0.000395
8,Cube,1.02,10,0.8,0,35.6,0,0.000482
9,Cube,1.02,10,0.8,0,38.2,0,0.000539
10,Cube,1.02,10,0.8,0,40,0,0.000487
11,Cube,1.02,10,0.8,0,38.6,0,0.000512
12,Cube,1.02,10,0.8,0,46,0,0.000551
13,Cube,1.02,10,0.8,0,50.4,0,0.00046
14,Cube,1.02,10,0.8,0,44,0,0.000539
6,FlatBox,1.02,10,0.8,0,45.4,0,0.000416
7,FlatBox,1.02,10,0.8,0,65,0,0.000443
8,FlatBox,1.02,10,0.8,0,64.4,0,0.000522
9,FlatBox,1.02,10,0.8,0,74.1,0,0.000487
10,FlatBox,1.02,10,0.8,0,76.8,0,0.000445
11,FlatBox,1.02,10,0.8,0,65.4,0,0.000446
12,FlatBox,1.02,10,0.8,0,82,0,0.000441
13,FlatBox,1.02,10,0.8,0,84.2,0,0.000424
14,FlatBox,1.02,10,0.8,0,74.2,0,0.000431
6,BigFlatBox,1.02,10,0.8,0,181.9,0,0.000433
7,BigFlatBox,1.02,10,0.8,0,216.2,0,0.000378
8,BigFlatBox,1.02,10,0.8,0,205.1,0,0.000419
9,BigFlatBox,1.02,10,0.8,0,223,0,0.000443
10,BigFlatBox,1.02,10,0.8,0,221.2,0,0.000409
11,BigFlatBox,1.02,10,0.8,0,259.8,0,0.000428
12,BigFlatBox,1.02,10,0.8,0,305.8,0,0.000398
13,BigFlatBox,1.02,10,0.8,0,293,0,0.000414
14,BigFlatBox,1.02,10,0.8,0,299.8,0,0.000414
6,Cube,1,6,1,0,55.6,0,0.000447
7,Cube,1,6,1,0,58,0,0.000448
8,Cube,1,6,1,0,57.6,0,0.000456
9,Cube,1,6,1,0,80.6,0,0.000414
10,Cube,1,6,1,0,70,0,0.000442
11,Cube,1,6,1,0,71.8,0,0.000444
12,Cube,1,6,1,0,71.6,0,0.000435
13,Cube,1,6,1,0,82.1,0,0.000429
14,Cube,1,6,1,0,81.2,0,0.00047
6,FlatBox,1,6,1,0,96,0,0.000402
7,FlatBox,1,6,1,0,120.2,0,0.000427
8,FlatBox,1,6,1,0,104.4,0,0.000423
9,FlatBox,1,6,1,0,126.8,0,0.000338
10,FlatBox,1,6,1,0,115.4,0,0.000308
11,FlatBox,1,6,1,0,149.6,0,0.000345
12,FlatBox,1,6,1,0,136,0,0.000316
13,FlatBox,1,6,1,0,145.4,0,0.000311
14,FlatBox,1,6,1,0,135.8,0,0.000351
6,BigFlatBox,1,6,1,0,269.4,0,0.000383
7,BigFlatBox,1,6,1,0,352.4,0,0.000418
8,BigFlatBox,1,6,1,0,344,0,0.000322
9,BigFlatBox,1,6,1,0,341.8,0,0.000422
10,BigFlatBox,1,6,1,0,378.8,0,0.000408
11,BigFlatBox,1,6,1,0,370.1,0,0.000407
12,BigFlatBox,1,6,1,0,457.4,0,0.000411
13,BigFlatBox,1,6,1,0,379.2,0,0.000413
14,BigFlatBox,1,6,1,0,407.4,0,0.000377
6,Cube,1.01,6,1,0,48.4,0,0.000515
7,Cube,1.01,6,1,0,55.6,0,0.000451
8,Cube,1.01,6,1,0,62.4,0,0.000505
9,Cube,1.01,6,1,0,68.2,0,0.00052
10,Cube,1.01,6,1,0,66.2,0,0.000462
11,Cube,1.01,6,1,0,71.2,0,0.00035
12,Cube,1.01,6,1,0,89.4,0,0.000438
13,Cube,1.01,6,1,0,78,0,0.000444
14,Cube,1.01,6,1,0,82.4,0,0.000435
6,FlatBox,1.01,6,1,0,111.8,0,0.000447
7,FlatBox,1.01,6,1,0,95.8,0,0.00042
8,FlatBox,1.01,6,1,0,136.4,0,0.000423
9,FlatBox,1.01,6,1,0,121.6,0,0.000477
10,FlatBox,1.01,6,1,0,120,0,0.000362
11,FlatBox,1.01,6,1,0,134,0,0.000311
12,FlatBox,1.01,6,1,0,154.4,0,0.000392
13,FlatBox,1.01,6,1,0,167.2,0,0.000481
14,FlatBox,1.01,6,1,0,153.2,0,0.000425
6,BigFlatBox,1.01,6,1,0,295.4,0,0.000427
7,BigFlatBox,1.01,6,1,0,381.2,0,0.000449
8,BigFlatBox,1.01,6,1,0,417.5,0,0.000429
9,BigFlatBox,1.01,6,1,0,358.2,0,0.000407
10,BigFlatBox,1.01,6,1,0,480.5,0,0.00042
11,BigFlatBox,1.01,6,1,0,550.2,0,0.000408
12,BigFlatBox,1.01,6,1,0,459.2,0,0.000434
13,BigFlatBox,1.01,6,1,0,349,0,0.000393
14,BigFlatBox,1.01,6,1,0,556.7,0,0.0004
6,Cube,1.02,6,1,0,54.2,0,0.000547
7,Cube,1.02,6,1,0,48,0,0.000497
8,Cube,1.02,6,1,0,51.8,0,0.00048
9,Cube,1.02,6,1,0,58.4,0,0.000477
10,Cube,1.02,6,1,0,75.2,0,0.00048
11,Cube,1.02,6,1,0,81.6,0,0.000467
12,Cube,1.02,6,1,0,77.2,0,0.000444
13,Cube,1.02,6,1,0,88.3,0,0.000428
14,Cube,1.02,6,1,0,81.4,0,0.000489
6,FlatBox,1.02,6,1,0,99.8,0,0.000427
7,FlatBox,1.02,6,1,0,114.8,0,0.00044
8,FlatBox,1.02,6,1,0,130.5,0,0.000475
9,FlatBox,1.02,6,1,0,125.6,0,0.00046
10,FlatBox,1.02,6,1,0,153.1,0,0.000386
11,FlatBox,1.02,6,1,0,143.8,0,0.000464
12,FlatBox,1.02,6,1,0,164.8,0,0.000415
13,FlatBox,1.02,6,1,0,173.4,0,0.00043
14,FlatBox,1.02,6,1,0,192.5,0,0.000374
6,BigFlatBox,1.02,6,1,0,393.8,0,0.000414
7,BigFlatBox,1.02,6,1,0,355.1,0,0.000406
8,BigFlatBox,1.02,6,1,0,403.4,0,0.00038
9,BigFlatBox,1.02,6,1,0,432.8,0,0.000399
10,BigFlatBox,1.02,6,1,0,529.6,0,0.00041
11,BigFlatBox,1.02,6,1,0,542.6,0,0.00042
12,BigFlatBox,1.02,6,1,0,580.8,0,0.000393
13,BigFlatBox,1.02,6,1,0,343.8,0,0.000423
14,BigFlatBox,1.02,6,1,0,393.2,0,0.000415
6,Cube,1,7,1,0,43.1,0,0.000484
7,Cube,1,7,1,0,50.6,0,0.000459
8,Cube,1,7,1,0,54.6,0,0.000454
9,Cube,1,7,1,0,62.8,0,0.000533
10,Cube,1,7,1,0,69.4,0,0.000474
11,Cube,1,7,1,0,66.2,0,0.000468
12,Cube,1,7,1,0,69.7,0,0.000464
13,Cube,1,7,1,0,72.2,0,0.00047
14,Cube,1,7,1,0,80.9,0,0.000472
6,FlatBox,1,7,1,0,84.2,0,0.000437
7,FlatBox,1,7,1,0,93.9,0,0.000414
8,FlatBox,1,7,1,0,93,0,0.000403
9,FlatBox,1,7,1,0,95.7,0,0.000455
10,FlatBox,1,7,1,0,113.8,0,0.00044
11,FlatBox,1,7,1,0,117.3,0,0.000412
12,FlatBox,1,7,1,0,130.8,0,0.000439
13,FlatBox,1,7,1,0,134,0,0.00047
14,FlatBox,1,7,1,0,130.8,0,0.000433
6,BigFlatBox,1,7,1,0,276.7,0,0.000433
7,BigFlatBox,1,7,1,0,258.2,0,0.00042
8,BigFlatBox,1,7,1,0,294.3,0,0.000417
9,BigFlatBox,1,7,1,0,327,0,0.000419
10,BigFlatBox,1,7,1,0,353.4,0,0.000403
11,BigFlatBox,1,7,1,0,359.4,0,0.000403
12,BigFlatBox,1,7,1,0,397.5,0,0.000396
13,BigFlatBox,1,7,1,0,373.6,0,0.000447
14,BigFlatBox,1,7,1,0,440.4,0,0.000452
6,Cube,1.01,7,1,0,44.4,0,0.000542
7,Cube,1.01,7,1,0,49.4,0,0.000566
8,Cube,1.01,7,1,0,63.2,0,0.000503
9,Cube,1.01,7,1,0,59.2,0,0.00043
10,Cube,1.01,7,1,0,64.6,0,0.000461
11,Cube,1.01,7,1,0,65.7,0,0.000521
12,Cube,1.01,7,1,0,72,0,0.000474
13,Cube,1.01,7,1,0,74.1,0,0.00049
14,Cube,1.01,7,1,0,69.6,0,0.000495
6,FlatBox,1.01,7,1,0,80.3,0,0.000431
7,FlatBox,1.01,7,1,0,79.8,0,0.000416
8,FlatBox,1.01,7,1,0,99.5,0,0.000517
9,FlatBox,1.01,7,1,0,100.4,0,0.000479
10,FlatBox,1.01,7,1,0,98.9,0,0.000425
11,FlatBox,1.01,7,1,0,124.2,0,0.000433
12,FlatBox,1.01,7,1,0,133.2,0,0.000342
13,FlatBox,1.01,7,1,0,117.4,0,0.000402
14,FlatBox,1.01,7,1,0,132,0,0.000444
6,BigFlatBox,1.01,7,1,0,245.4,0,0.000438
7,BigFlatBox,1.01,7,1,0,289.2,0,0.000374
8,BigFlatBox,1.01,7,1,0,279.6,0,0.000415
9,BigFlatBox,1.01,7,1,0,317.9,0,0.000398
10,BigFlatBox,1.01,7,1,0,347.8,0,0.000417
11,BigFlatBox,1.01,7,1,0,277.3,0,0.00044
12,BigFlatBox,1.01,7,1,0,362.4,0,0.000426
13,BigFlatBox,1.01,7,1,0,392.1,0,0.000383
14,BigFlatBox,1.01,7,1,0,451.8,0,0.000453
6,Cube,1.02,7,1,0,46,0,0.000401
7,Cube,1.02,7,1,0,40.6,0,0.000494
8,Cube,1.02,7,1,0,47.2,0,0.000486
9,Cube,1.02,7,1,0,52.2,0,0.000542
10,Cube,1.02,7,1,0,55,0,0.000486
11,Cube,1.02,7,1,0,53.6,0,0.000534
12,Cube,1.02,7,1,0,54.4,0,0.000552
13,Cube,1.02,7,1,0,67.6,0,0.000462
14,Cube,1.02,7,1,0,71,0,0.000469
6,FlatBox,1.02,7,1,0,76.8,0,0.000498
7,FlatBox,1.02,7,1,0,94.2,0,0.000531
8,FlatBox,1.02,7,1,0,87.4,0,0.000478
9,FlatBox,1.02,7,1,0,106.9,0,0.000431
10,FlatBox,1.02,7,1,0,99.4,0,0.000541
11,FlatBox,1.02,7,1,0,111.4,0,0.000446
12,FlatBox,1.02,7,1,0,99.4,0,0.000489
13,FlatBox,1.02,7,1,0,119.6,0,0.000367
14,FlatBox,1.02,7,1,0,110.2,0,0.000467
6,BigFlatBox,1.02,7,1,0,279,0,0.000452
7,BigFlatBox,1.02,7,1,0,289.6,0,0.000468
8,BigFlatBox,1.02,7,1,0,296.9,0,0.000416
9,BigFlatBox,1.02,7,1,0,358,0,0.000409
10,BigFlatBox,1.02,7,1,0,411,0,0.000397
11,BigFlatBox,1.02,7,1,0,397.4,0,0.000409
12,BigFlatBox,1.02,7,1,0,453.4,0,0.000426
13,BigFlatBox,1.02,7,1,0,417.4,0,0.000446
14,BigFlatBox,1.02,7,1,0,316.5,0,0.000454
6,Cube,1,8,1,0,41.8,0,0.000537
7,Cube,1,8,1,0,44,0,0.000523
8,Cube,1,8,1,0,43.4,0,0.000601
9,Cube,1,8,1,0,54.7,0,0.000549
10,Cube,1,8,1,0,59.2,0,0.000523
11,Cube,1,8,1,0,58,0,0.00052
12,Cube,1,8,1,0,60,0,0.00048
13,Cube,1,8,1,0,61,0,0.000535
14,Cube,1,8,1,0,60,0,0.000471
6,FlatBox,1,8,1,0,64.3,0,0.000462
7,FlatBox,1,8,1,0,67.8,0,0.000457
8,FlatBox,1,8,1,0,69.8,0,0.000424
9,FlatBox,1,8,1,0,85,0,0.000443
10,FlatBox,1,8,1,0,95.2,0,0.000439
11,FlatBox,1,8,1,0,98.8,0,0.000446
12,FlatBox,1,8,1,0,122.6,0,0.000472
13,FlatBox,1,8,1,0,121.6,0,0.000504
14,FlatBox,1,8,1,0,122.4,0,0.000482
6,BigFlatBox,1,8,1,0,218.4,0,0.000435
7,BigFlatBox,1,8,1,0,256.1,0,0.000454
8,BigFlatBox,1,8,1,0,259.6,0,0.000458
9,BigFlatBox,1,8,1,0,281.4,0,0.000421
10,BigFlatBox,1,8,1,0,277.2,0,0.000428
11,BigFlatBox,1,8,1,0,321,0,0.000439
12,BigFlatBox,1,8,1,0,357,0,0.000423
13,BigFlatBox,1,8,1,0,347.3,0,0.000435
14,BigFlatBox,1,8,1,0,323,0,0.000407
6,Cube,1.01,8,1,0,41.5,0,0.000473
7,Cube,1.01,8,1,0,44,0,0.000544
8,Cube,1.01,8,1,0,46,0,0.000465
9,Cube,1.01,8,1,0,43.8,0,0.00048
10,Cube,1.01,8,1,0,49.4,0,0.000465
11,Cube,1.01,8,1,0,58,0,0.000485
12,Cube,1.01,8,1,0,70.9,0,0.000423
13,Cube,1.01,8,1,0,62.8,0,0.000488
14,Cube,1.01,8,1,0,66.6,0,0.000383
6,FlatBox,1.01,8,1,0,61.4,0,0.000472
7,FlatBox,1.01,8,1,0,73.4,0,0.000371
8,FlatBox,1.01,8,1,0,83,0,0.000509
9,FlatBox,1.01,8,1,0,83.8,0,0.000438
10,FlatBox,1.01,8,1,0,92.6,0,0.000489
11,FlatBox,1.01,8,1,0,101.1,0,0.000504
12,FlatBox,1.01,8,1,0,104.6,0,0.0004
13,FlatBox,1.01,8,1,0,130,0,0.000426
14,FlatBox,1.01,8,1,0,128.8,0,0.000455
6,BigFlatBox,1.01,8,1,0,245.1,0,0.000411
7,BigFlatBox,1.01,8,1,0,263,0,0.000424
8,BigFlatBox,1.01,8,1,0,254.9,0,0.000404
9,BigFlatBox,1.01,8,1,0,332.2,0,0.000419
10,BigFlatBox,1.01,8,1,0,215.3,0,0.0004
11,BigFlatBox,1.01,8,1,0,280.8,0,0.000401
12,BigFlatBox,1.01,8,1,0,331.3,0,0.000412
13,BigFlatBox,1.01,8,1,0,323.2,0,0.000402
14,BigFlatBox,1.01,8,1,0,426.6,0,0.000446
6,Cube,1.02,8,1,0,46,0,0.00051
7,Cube,1.02,8,1,0,45.7,0,0.000548
8,Cube,1.02,8,1,0,51.2,0,0.000479
9,Cube,1.02,8,1,0,44.9,0,0.000478
10,Cube,1.02,8,1,0,50,0,0.000411
11,Cube,1.02,8,1,0,51.3,0,0.000514
12,Cube,1.02,8,1,0,45,0,0.000511
13,Cube,1.02,8,1,0,53.5,0,0.000482
14,Cube,1.02,8,1,0,51.6,0,0.000543
6,FlatBox,1.02,8,1,0,69.6,0,0.000461
7,FlatBox,1.02,8,1,0,69.6,0,0.000483
8,FlatBox,1.02,8,1,0,79.3,0,0.000451
9,FlatBox,1.02,8,1,0,106,0,0.000433
10,FlatBox,1.02,8,1,0,102.7,0,0.000432
11,FlatBox,1.02,8,1,0,98.4,0,0.000488
12,FlatBox,1.02,8,1,0,103.8,0,0.000481
13,FlatBox,1.02,8,1,0,114,0,0.000425
14,FlatBox,1.02,8,1,0,107.2,0,0.000466
6,BigFlatBox,1.02,8,1,0,313.8,0,0.000448
7,BigFlatBox,1.02,8,1,0,256.8,0,0.000462
8,BigFlatBox,1.02,8,1,0,303,0,0.000438
9,BigFlatBox,1.02,8,1,0,264.7,0,0.000435
10,BigFlatBox,1.02,8,1,0,281,0,0.000432
11,BigFlatBox,1.02,8,1,0,419.1,0,0.000419
12,BigFlatBox,1.02,8,1,0,257.8,0,0.000434
13,BigFlatBox,1.02,8,1,0,325.7,0,0.000421
14,BigFlatBox,1.02,8,1,0,372.2,0,0.000419
6,Cube,1,9,1,0,38,0,0.000539
7,Cube,1,9,1,0,41.4,0,0.000527
8,Cube,1,9,1,0,40.6,0,0.000504
9,Cube,1,9,1,0,45.2,0,0.000541
10,Cube,1,9,1,0,44.9,0,0.00049
11,Cube,1,9,1,0,47,0,0.000541
12,Cube,1,9,1,0,47.6,0,0.000514
13,Cube,1,9,1,0,54.4,0,0.000558
14,Cube,1,9,1,0,56,0,0.000486
6,FlatBox,1,9,1,0,59.2,0,0.000485
7,FlatBox,1,9,1,0,59.4,0,0.000482
8,FlatBox,1,9,1,0,61,0,0.000457
9,FlatBox,1,9,1,0,70.4,0,0.00045
10,FlatBox,1,9,1,0,71.4,0,0.000454
11,FlatBox,1,9,1,0,81.8,0,0.00044
12,FlatBox,1,9,1,0,92,0,0.000435
13,FlatBox,1,9,1,0,108,0,0.000488
14,FlatBox,1,9,1,0,102.8,0,0.000457
6,BigFlatBox,1,9,1,0,208.5,0,0.000403
7,BigFlatBox,1,9,1,0,233.4,0,0.000402
8,BigFlatBox,1,9,1,0,213.2,0,0.000438
9,BigFlatBox,1,9,1,0,233.8,0,0.000435
10,BigFlatBox,1,9,1,0,240.2,0,0.000433
11,BigFlatBox,1,9,1,0,244.4,0,0.000452
12,BigFlatBox,1,9,1,0,244.4,0,0.000455
13,BigFlatBox,1,9,1,0,290,0,0.000383
14,BigFlatBox,1,9,1,0,291.2,0,0.000326
6,Cube,1.01,9,1,0,40.8,0,0.000321
7,Cube,1.01,9,1,0,41.8,0,0.000338
8,Cube,1.01,9,1,0,39.6,0,0.000324
9,Cube,1.01,9,1,0,40.6,0,0.000387
10,Cube,1.01,9,1,0,51,0,0.000387
11,Cube,1.01,9,1,0,44.6,0,0.00054
12,Cube,1.01,9,1,0,48.8,0,0.000548
13,Cube,1.01,9,1,0,49.6,0,0.00054
14,Cube,1.01,9,1,0,54.8,0,0.000467
6,FlatBox,1.01,9,1,0,48.4,0,0.00053
7,FlatBox,1.01,9,1,0,65.4,0,0.000445
8,FlatBox,1.01,9,1,0,70.8,0,0.000457
9,FlatBox,1.01,9,1,0,73.8,0,0.000437
10,FlatBox,1.01,9,1,0,75.6,0,0.000461
11,FlatBox,1.01,9,1,0,83.4,0,0.000431
12,FlatBox,1.01,9,1,0,93,0,0.000437
13,FlatBox,1.01,9,1,0,90.4,0,0.000425
14,FlatBox,1.01,9,1,0,109.2,0,0.000405
6,BigFlatBox,1.01,9,1,0,188.2,0,0.000362
7,BigFlatBox,1.01,9,1,0,217.1,0,0.000328
8,BigFlatBox,1.01,9,1,0,232,0,0.000339
9,BigFlatBox,1.01,9,1,0,268.1,0,0.000404
10,BigFlatBox,1.01,9,1,0,233.2,0,0.000418
11,BigFlatBox,1.01,9,1,0,316.3,0,0.000438
12,BigFlatBox,1.01,9,1,0,289.8,0,0.000399
13,BigFlatBox,1.01,9,1,0,299.8,0,0.000397
14,BigFlatBox,1.01,9,1,0,297.2,0,0.000426
6,Cube,1.02,9,1,0,34.4,0,0.000515
7,Cube,1.02,9,1,0,38.6,0,0.000479
8,Cube,1.02,9,1,0,40,0,0.00045
9,Cube,1.02,9,1,0,40.8,0,0.000476
10,Cube,1.02,9,1,0,43.1,0,0.000498
11,Cube,1.02,9,1,0,49.4,0,0.000492
12,Cube,1.02,9,1,0,47.2,0,0.000488
13,Cube,1.02,9,1,0,52,0,0.000483
14,Cube,1.02,9,1,0,52.4,0,0.000471
6,FlatBox,1.02,9,1,0,58.6,0,0.000419
7,FlatBox,1.02,9,1,0,56.1,0,0.000514
8,FlatBox,1.02,9,1,0,66.6,0,0.000467
9,FlatBox,1.02,9,1,0,65.3,0,0.00045
10,FlatBox,1.02,9,1,0,91.4,0,0.000415
11,FlatBox,1.02,9,1,0,79.3,0,0.000444
12,FlatBox,1.02,9,1,0,92.6,0,0.000515
13,FlatBox,1.02,9,1,0,94.5,0,0.000501
14,FlatBox,1.02,9,1,0,81.8,0,0.000487
6,BigFlatBox,1.02,9,1,0,248.4,0,0.000418
7,BigFlatBox,1.02,9,1,0,231.4,0,0.000469
8,BigFlatBox,1.02,9,1,0,245.7,0,0.000433
9,BigFlatBox,1.02,9,1,0,284.6,0,0.000447
10,BigFlatBox,1.02,9,1,0,237.1,0,0.000419
11,BigFlatBox,1.02,9,1,0,264.8,0,0.000414
12,BigFlatBox,1.02,9,1,0,215.6,0,0.000441
13,BigFlatBox,1.02,9,1,0,297,0,0.000415
14,BigFlatBox,1.02,9,1,0,265.8,0,0.000397
6,Cube,1,10,1,0,38.6,0,0.000407
7,Cube,1,10,1,0,39,0,0.000449
8,Cube,1,10,1,0,38.6,0,0.000371
9,Cube,1,10,1,0,39.8,0,0.000382
10,Cube,1,10,1,0,41.8,0,0.000421
11,Cube,1,10,1,0,37,0,0.000419
12,Cube,1,10,1,0,46.4,0,0.00045
13,Cube,1,10,1,0,43.8,0,0.000493
14,Cube,1,10,1,0,51.4,0,0.000413
6,FlatBox,1,10,1,0,54.6,0,0.00034
7,FlatBox,1,10,1,0,57.4,0,0.000376
8,FlatBox,1,10,1,0,55.2,0,0.00054
9,FlatBox,1,10,1,0,69.8,0,0.000398
10,FlatBox,1,10,1,0,60.8,0,0.00045
11,FlatBox,1,10,1,0,67,0,0.000448
12,FlatBox,1,10,1,0,75.8,0,0.000403
13,FlatBox,1,10,1,0,85.6,0,0.000444
14,FlatBox,1,10,1,0,84.3,0,0.000373
6,BigFlatBox,1,10,1,0,211,0,0.000395
7,BigFlatBox,1,10,1,0,186.6,0,0.000429
8,BigFlatBox,1,10,1,0,217.2,0,0.000426
9,BigFlatBox,1,10,1,0,191.4,0,0.000447
10,BigFlatBox,1,10,1,0,206,0,0.000401
11,BigFlatBox,1,10,1,0,216.2,0,0.000415
12,BigFlatBox,1,10,1,0,229.8,0,0.000425
13,BigFlatBox,1,10,1,0,219,0,0.000445
14,BigFlatBox,1,10,1,0,256.9,0,0.000423
6,Cube,1.01,10,1,0,34.4,0,0.00049
7,Cube,1.01,10,1,0,35,0,0.000458
8,Cube,1.01,10,1,0,40.8,0,0.000487
9,Cube,1.01,10,1,0,40,0,0.000546
10,Cube,1.01,10,1,0,38.4,0,0.000451
11,Cube,1.01,10,1,0,39,0,0.000495
12,Cube,1.01,10,1,0,38.6,0,0.000548
13,Cube,1.01,10,1,0,41.4,0,0.000443
14,Cube,1.01,10,1,0,45.4,0,0.000448
6,FlatBox,1.01,10,1,0,50.6,0,0.000453
7,FlatBox,1.01,10,1,0,72.3,0,0.00047
8,FlatBox,1.01,10,1,0,65.2,0,0.000394
9,FlatBox,1.01,10,1,0,66.4,0,0.000474
10,FlatBox,1.01,10,1,0,52.8,0,0.000439
11,FlatBox,1.01,10,1,0,79.6,0,0.000452
12,FlatBox,1.01,10,1,0,85,0,0.000373
13,FlatBox,1.01,10,1,0,70.8,0,0.000397
14,FlatBox,1.01,10,1,0,95.8,0,0.000386
6,BigFlatBox,1.01,10,1,0,180.5,0,0.000387
7,BigFlatBox,1.01,10,1,0,203.2,0,0.000357
8,BigFlatBox,1.01,10,1,0,232.3,0,0.00041
9,BigFlatBox,1.01,10,1,0,204.2,0,0.000385
10,BigFlatBox,1.01,10,1,0,237.2,0,0.000386
11,BigFlatBox,1.01,10,1,0,245.7,0,0.000392
12,BigFlatBox,1.01,10,1,0,253.4,0,0.000425
13,BigFlatBox,1.01,10,1,0,239.2,0,0.000432
14,BigFlatBox,1.01,10,1,0,402,0,0.00042
6,Cube,1.02,10,1,0,37,0,0.000492
7,Cube,1.02,10,1,0,40.8,0,0.000494
8,Cube,1.02,10,1,0,34.4,0,0.000483
9,Cube,1.02,10,1,0,36.8,0,0.000527
10,Cube,1.02,10,1,0,40,0,0.000519
11,Cube,1.02,10,1,0,39.4,0,0.000452
12,Cube,1.02,10,1,0,47,0,0.000495
13,Cube,1.02,10,1,0,48.6,0,0.000505
14,Cube,1.02,10,1,0,47,0,0.000481
6,FlatBox,1.02,10,1,0,46.2,0,0.000488
7,FlatBox,1.02,10,1,0,61,0,0.000484
8,FlatBox,1.02,10,1,0,60.1,0,0.000459
9,FlatBox,1.02,10,1,0,72.4,0,0.000469
10,FlatBox,1.02,10,1,0,77.9,0,0.000511
11,FlatBox,1.02,10,1,0,82,0,0.000525
12,FlatBox,1.02,10,1,0,86.8,0,0.000478
13,FlatBox,1.02,10,1,0,91.4,0,0.0005
14,FlatBox,1.02,10,1,0,80.1,0,0.000467
6,BigFlatBox,1.02,10,1,0,168.4,0,0.000363
7,BigFlatBox,1.02,10,1,0,226.8,0,0.000422
8,BigFlatBox,1.02,10,1,0,206.6,0,0.000449
9,BigFlatBox,1.02,10,1,0,216,0,0.000488
10,BigFlatBox,1.02,10,1,0,223.8,0,0.000427
11,BigFlatBox,1.02,10,1,0,255.3,0,0.000441
12,BigFlatBox,1.02,10,1,0,312.8,0,0.00041
13,BigFlatBox,1.02,10,1,0,303.6,0,0.000457
14,BigFlatBox,1.02,10,1,0,314.6,0,0.000421
